playerRanking,gamesPlayed,gamesStarted,twoPointAttemptsShare,threePointAttemptsShare,freeThrowsAttemptsShare,twoPointersMadeShare,threePointersMadeShare,freeThrowsMadeShare,twoPointRate,threePointRate,pointsFromTwoPointersPercentage,pointsFromThreePointersPercentage,pointsFromFreeThrowsPercentage,player.code,player.name,player.age,player.imageUrl,player.team.code,player.team.tvCodes,player.team.name,player.team.imageUrl
1,144.0,26.0,1.7%,8%,1.8%,1.3%,7.7%,2%,23.5%,76.5%,17.5%,74.5%,8%,007025,"MATTISSECK, JONAS",24,https://media-cdn.incrowdsports.com/f233c467-32fb-41af-807b-07660af5fa2c.png,BER,BER,ALBA Berlin,https://media-cdn.incrowdsports.com/ccc34858-22b0-47dc-904c-9940b0a16ff3.png
2,154.0,35.0,2.8%,4%,1.8%,2.7%,3.8%,1.5%,52.4%,47.6%,45.5%,44.4%,10.1%,004941,"ANTONOV, SEMEN",32,https://media-cdn.incrowdsports.com/5fd80688-4e9c-434c-b051-1471ccdcb625.png,CSK,CSK,CSKA Moscow,https://media-cdn.incrowdsports.com/b6a59212-7feb-4f8c-86c2-5e8f07625e3e.png
3,164.0,22.0,2.4%,2.2%,0.9%,2%,2.2%,0.6%,62.5%,37.5%,55.2%,39.6%,5.2%,003521,"BALBAY, DOGUS",33,https://media-cdn.incrowdsports.com/0a0748cc-b881-47d6-a8ff-19a51b692cb0.png,IST,EFS,Anadolu Efes Istanbul,https://media-cdn.incrowdsports.com/8ea8cec7-d8f7-45f4-a956-d976b5867610.png
4,224.0,121.0,3.4%,7.4%,3%,3.1%,7.6%,3.2%,43.3%,56.7%,35%,52%,13%,LUO,"LAZIC, BRANKO",35,https://media-cdn.incrowdsports.com/6dcc04d5-821e-4113-a665-029a43d76425.png,RED,CZV,Crvena Zvezda Meridianbet Belgrade,https://media-cdn.incrowdsports.com/d2eef4a8-62df-4fdd-9076-276004268515.png
5,195.0,36.0,3.1%,10.7%,1.9%,2.8%,11%,2.1%,30.9%,69.1%,25.7%,68.1%,6.3%,002969,"MAHMUTOGLU, MELIH",34,https://media-cdn.incrowdsports.com/a148a3b5-02f1-4122-90ba-04714df78433.png,ULK,FNB,Fenerbahce Beko Istanbul,https://media-cdn.incrowdsports.com/0233ebbb-f3a2-49ea-837c-7fd3e661e672.png
6,157.0,53.0,3.7%,4.1%,2.7%,3.6%,4.3%,2.8%,60.1%,39.9%,51.4%,36.4%,12.1%,005145,"COHEN, JAKE",34,https://media-cdn.incrowdsports.com/e8d3f0dc-cce9-4329-9d5b-03c76519199d.png,TEL,MTA,Maccabi Playtika Tel Aviv,https://media-cdn.incrowdsports.com/5c55ef14-29df-4328-bd52-a7a64c432350.png
7,141.0,21.0,3.9%,7.8%,3.3%,3.9%,7%,2.7%,41.9%,58.1%,39.8%,51.9%,8.3%,006251,"SCHNEIDER, TIM",27,https://media-cdn.incrowdsports.com/3c4d48d7-a0e1-4375-9246-2d9fc7bf969a.png,BER,BER,ALBA Berlin,https://media-cdn.incrowdsports.com/ccc34858-22b0-47dc-904c-9940b0a16ff3.png
8,129.0,34.0,4.6%,5.8%,3%,4.5%,5.5%,3%,53.2%,46.8%,48.5%,41.8%,9.7%,008211,"DELOW, MALTE",23,https://media-cdn.incrowdsports.com/4402c134-97e3-485e-ac5d-ea9bdb7bba28.png,BER,BER,ALBA Berlin,https://media-cdn.incrowdsports.com/ccc34858-22b0-47dc-904c-9940b0a16ff3.png
9,172.0,36.0,4.8%,1.4%,6.8%,4.9%,1.1%,6.9%,84.9%,15.1%,62.2%,8.6%,29.1%,003540,"DIOP, ILIMANE",25,https://media-cdn.incrowdsports.com/06ba4860-2029-41d9-af38-d7c646068cfc.png,BAS,TDS,Baskonia Vitoria-Gasteiz,https://media-cdn.incrowdsports.com/e324a6af-2a72-443e-9813-8bf2d364ddab.png
10,202.0,106.0,5.3%,6.6%,4.5%,5.3%,6.7%,4%,51.1%,48.9%,44.8%,43.2%,12%,006546,"TAYLOR, JEFFERY",32,https://media-cdn.incrowdsports.com/10410890-e74a-4866-9d92-997cd1821ed9.png,MAD,RMB,Real Madrid,https://media-cdn.incrowdsports.com/1a3e1404-4f6f-4ede-9d8b-30eee7cb51b4.png
11,125.0,49.0,2.8%,9.7%,1%,2.3%,11%,1.1%,27.3%,72.7%,20.4%,76.2%,3.5%,BFX,"MONIA, SERGEY",37,https://media-cdn.incrowdsports.com/d3e66f80-1885-4da3-bf68-0282f1611f82.png,KHI,KHI,BC Khimki,https://media-cdn.incrowdsports.com/04bd9ac1-e8ed-4b35-8878-272596e5c7d6.png
12,209.0,26.0,2.6%,11.4%,4.9%,2.1%,11.9%,5.9%,28.5%,71.5%,19.5%,63.3%,17.2%,007990,"DIBARTOLOMEO, JOHN",33,https://media-cdn.incrowdsports.com/d849757d-0a4d-47b8-82aa-ddca5eb1f7bc.png,TEL,MTA,Maccabi Playtika Tel Aviv,https://media-cdn.incrowdsports.com/5c55ef14-29df-4328-bd52-a7a64c432350.png
13,151.0,63.0,6.1%,10.5%,5.9%,5.5%,9.9%,6.5%,50.9%,49.1%,41.6%,42.6%,15.7%,KIR,"KAHUDI, CHARLES",38,https://media-cdn.incrowdsports.com/09c42084-be1d-4b65-b880-9544effea93a.png,ASV,ASV,LDLC ASVEL Villeurbanne,https://media-cdn.incrowdsports.com/e33c6d1a-95ca-4dbc-b8cb-0201812104cc.png
14,179.0,115.0,9.7%,1.5%,7.1%,9.8%,1.1%,6.3%,92.1%,7.9%,77.7%,5.4%,16.9%,LEM,"RADOSEVIC, LEON",31,https://media-cdn.incrowdsports.com/f2672ef8-4d0b-4018-b5a3-3ef671903ef7.png,BAM;MUN,BRO;BAY,Bamberger Basketball GmbH;FC Bayern Munich,https://media-cdn.incrowdsports.com/85cdd43a-2bbd-4f73-b8f7-76288a5193cb.png;https://media-cdn.incrowdsports.com/817b0e58-d595-4b09-ab0b-1e7cc26249ff.png
15,152.0,76.0,6.3%,14.3%,6.6%,5.9%,14.7%,6.9%,36.1%,63.9%,29.9%,58%,12%,004761,"MARINKOVIC, VANJA",27,https://media-cdn.incrowdsports.com/fd848082-f689-47f0-a578-a53d63a6fd1b.png,PAM;BAS;PAR,VBC;BKN;PAR,Valencia Basket;Baskonia Vitoria-Gasteiz;Partizan Mozzart Bet Belgrade,https://media-cdn.incrowdsports.com/efd12730-f2ea-4830-9caa-7f2f676079c2.png;https://media-cdn.incrowdsports.com/e324a6af-2a72-443e-9813-8bf2d364ddab.png;https://media-cdn.incrowdsports.com/2681304e-77dd-4331-88b1-683078c0fb49.png
16,183.0,88.0,8.8%,5.7%,7.3%,9.6%,4.7%,7.2%,67%,33%,59.8%,24%,16.2%,002968,"SANLI, SERTAC",33,https://media-cdn.incrowdsports.com/253a34da-7f58-4354-a9a5-cc06507200c6.png,IST;BAR;ULK,EFS;BAR;FBB,Anadolu Efes Istanbul;FC Barcelona;Fenerbahce Beko Istanbul,https://media-cdn.incrowdsports.com/8ea8cec7-d8f7-45f4-a956-d976b5867610.png;https://media-cdn.incrowdsports.com/35dfa503-e417-481f-963a-bdf6f013763e.png;https://media-cdn.incrowdsports.com/0233ebbb-f3a2-49ea-837c-7fd3e661e672.png
17,160.0,105.0,7%,8.3%,4.7%,6.6%,9.8%,5%,55.4%,44.6%,43.9%,44.5%,11.6%,005014,"JENKINS, CHARLES",31,https://media-cdn.incrowdsports.com/8c066c12-d0a2-4efd-b648-66abbf812216.png,MIL;KHI;RED;OLY,EA7;KHI;CZV;OLY,EA7 Emporio Armani Milan;BC Khimki;Crvena Zvezda Meridianbet Belgrade;Olympiacos Piraeus,https://media-cdn.incrowdsports.com/8154f184-c61a-4e7f-b14d-9d802e35cb95.png;https://media-cdn.incrowdsports.com/04bd9ac1-e8ed-4b35-8878-272596e5c7d6.png;https://media-cdn.incrowdsports.com/d2eef4a8-62df-4fdd-9076-276004268515.png;https://media-cdn.incrowdsports.com/789423ac-3cdf-4b89-b11c-b458aa5f59a6.png
18,184.0,53.0,3%,21.5%,4.3%,2.9%,23.3%,4.6%,21.1%,78.9%,16.1%,74.8%,9.1%,KPD,"MILAKNIS, ARTURAS",35,https://media-cdn.incrowdsports.com/b2c240e5-4df1-4ddc-8314-94c8429f1e40.png,ZAL,ZAL,Zalgiris Kaunas,https://media-cdn.incrowdsports.com/0aa09358-3847-4c4e-b228-3582ee4e536d.png
19,146.0,33.0,7.6%,7.6%,6.9%,7.6%,8.7%,7.1%,57.5%,42.5%,45.2%,40.6%,14.2%,001557,"GIFFEY, NIELS",33,https://media-cdn.incrowdsports.com/17f631c2-05c2-452f-9a39-3cb9533a0537.png,BER;ZAL;MUN,BER;ZAL;BAY,ALBA Berlin;Zalgiris Kaunas;FC Bayern Munich,https://media-cdn.incrowdsports.com/ccc34858-22b0-47dc-904c-9940b0a16ff3.png;https://media-cdn.incrowdsports.com/0aa09358-3847-4c4e-b228-3582ee4e536d.png;https://media-cdn.incrowdsports.com/817b0e58-d595-4b09-ab0b-1e7cc26249ff.png
20,152.0,80.0,5.5%,12.5%,5.8%,4.6%,12.1%,6.3%,44.3%,55.7%,33%,51.3%,15.7%,002543,"WESTERMANN, LEO",29,https://media-cdn.incrowdsports.com/d16e0a60-9556-4a0b-baaa-53b11e2315a4.png,LMG;CSK;ZAL;BAR;ULK;MCO,LIM;CSK;ZAL;FCB;FNB;ASM,Limoges Cercle Saint-Pierre;CSKA Moscow;Zalgiris Kaunas;FC Barcelona;Fenerbahce Beko Istanbul;AS Monaco,https://media-cdn.incrowdsports.com/bb6b25c9-7720-4603-96c8-f5f6205e8a19.png;https://media-cdn.incrowdsports.com/b6a59212-7feb-4f8c-86c2-5e8f07625e3e.png;https://media-cdn.incrowdsports.com/0aa09358-3847-4c4e-b228-3582ee4e536d.png;https://media-cdn.incrowdsports.com/35dfa503-e417-481f-963a-bdf6f013763e.png;https://media-cdn.incrowdsports.com/0233ebbb-f3a2-49ea-837c-7fd3e661e672.png;https://media-cdn.incrowdsports.com/89ed276a-2ba3-413f-8ea2-b3be209ca129.png
21,194.0,54.0,7.6%,12.7%,5.6%,7.6%,13.3%,5.6%,48.7%,51.3%,42.3%,46.9%,10.8%,004007,"DOBRIC, OGNJEN",30,https://media-cdn.incrowdsports.com/a22ad126-7b94-446e-87f2-6ec6b8709388.png,VIR;RED,VIR;CZV,Virtus Segafredo Bologna;Crvena Zvezda Meridianbet Belgrade,https://media-cdn.incrowdsports.com/4af5e83b-f2b5-4fba-a87c-1f85837a508a.png;https://media-cdn.incrowdsports.com/d2eef4a8-62df-4fdd-9076-276004268515.png
22,151.0,74.0,4.9%,11.8%,3.5%,4.4%,12.2%,2.8%,40.5%,59.5%,32%,59.9%,8.2%,LHI,"VORONTSEVICH, ANDREY",34,https://media-cdn.incrowdsports.com/a09676f1-c672-4835-92fd-da0b236af387.png,CSK;UNK,CSK;UNK,CSKA Moscow;UNICS Kazan,https://media-cdn.incrowdsports.com/b6a59212-7feb-4f8c-86c2-5e8f07625e3e.png;https://media-cdn.incrowdsports.com/70b00b96-e98a-42ba-9997-39d70a895157.png
23,183.0,66.0,3.7%,14.8%,5.3%,3.4%,17.2%,5.9%,28.5%,71.5%,20.1%,68%,11.9%,003478,"ABRINES, ALEX",31,https://media-cdn.incrowdsports.com/47795ee0-c812-487a-be8a-67900a5ab8d5.png,BAR,FCB,FC Barcelona,https://media-cdn.incrowdsports.com/35dfa503-e417-481f-963a-bdf6f013763e.png
24,199.0,115.0,6.6%,8.8%,5.6%,6.1%,8.5%,5.5%,50.5%,49.5%,41.8%,45%,13.2%,005938,"ANDERSON, JAMES",32,https://media-cdn.incrowdsports.com/30d59b37-be28-4696-9dbe-6f5fa7273fc1.png,DAR;KHI;IST,DDI;KHI;EFS,Darussafaka Basketbol;BC Khimki;Anadolu Efes Istanbul,https://media-cdn.incrowdsports.com/9ceb124a-7ee1-4db5-8d8c-7d485980b989.png;https://media-cdn.incrowdsports.com/04bd9ac1-e8ed-4b35-8878-272596e5c7d6.png;https://media-cdn.incrowdsports.com/8ea8cec7-d8f7-45f4-a956-d976b5867610.png
25,164.0,22.0,9%,8.2%,6.6%,9.3%,9.3%,6.7%,66.3%,33.7%,54.8%,32.6%,12.6%,006599,"MOTUM, BROCK",31,https://media-cdn.incrowdsports.com/9d5dd223-7b8b-4b5e-9a22-20852f26b78f.png,ZAL;IST;PAM;MCO,ZAL;EFS;VBC;ASM,Zalgiris Kaunas;Anadolu Efes Istanbul;Valencia Basket;AS Monaco,https://media-cdn.incrowdsports.com/0aa09358-3847-4c4e-b228-3582ee4e536d.png;https://media-cdn.incrowdsports.com/8ea8cec7-d8f7-45f4-a956-d976b5867610.png;https://media-cdn.incrowdsports.com/efd12730-f2ea-4830-9caa-7f2f676079c2.png;https://media-cdn.incrowdsports.com/89ed276a-2ba3-413f-8ea2-b3be209ca129.png
26,184.0,85.0,7.2%,8.5%,5.8%,6.3%,9.2%,5.7%,52.1%,47.9%,40.6%,46.1%,13.3%,003733,"ABALDE, ALBERTO",29,https://media-cdn.incrowdsports.com/192d6d61-9180-4b9a-91c0-eff940b1f27e.png,PAM;MAD,VBC;RMB,Valencia Basket;Real Madrid,https://media-cdn.incrowdsports.com/efd12730-f2ea-4830-9caa-7f2f676079c2.png;https://media-cdn.incrowdsports.com/1a3e1404-4f6f-4ede-9d8b-30eee7cb51b4.png
27,152.0,37.0,7.9%,17.4%,4.6%,7.4%,18.3%,4.4%,38.7%,61.3%,33.2%,60.1%,6.7%,002429,"RIVERS, KC",34,https://media-cdn.incrowdsports.com/3605f61f-bb51-48b0-806a-a50629802f2b.png,MAD;PAN;ZAL;DYR;MUN,RMB;PAO;ZAL;ZEN;BAY,Real Madrid;Panathinaikos AKTOR Athens;Zalgiris Kaunas;Zenit St Petersburg;FC Bayern Munich,https://media-cdn.incrowdsports.com/1a3e1404-4f6f-4ede-9d8b-30eee7cb51b4.png;https://media-cdn.incrowdsports.com/e3dff28a-9ec6-4faf-9d96-ecbc68f75780.png;https://media-cdn.incrowdsports.com/0aa09358-3847-4c4e-b228-3582ee4e536d.png;https://media-cdn.incrowdsports.com/4c571fd6-52f1-428c-94a5-9143fbbb4fe3.png;https://media-cdn.incrowdsports.com/817b0e58-d595-4b09-ab0b-1e7cc26249ff.png
28,183.0,35.0,8.6%,13.5%,6.4%,8.5%,14.7%,7.6%,45.6%,54.4%,38%,49.7%,12.3%,001960,"CARROLL, JAYCEE",37,https://media-cdn.incrowdsports.com/4a5fe03a-15f0-460a-b65f-ffeebb39e5a1.png,MAD,RMB,Real Madrid,https://media-cdn.incrowdsports.com/1a3e1404-4f6f-4ede-9d8b-30eee7cb51b4.png
29,279.0,19.0,9.1%,8.2%,8.1%,8.6%,9%,8.8%,65.6%,34.4%,50.7%,32.4%,16.9%,003210,"LEKAVICIUS, LUKAS",30,https://media-cdn.incrowdsports.com/e03b2138-ce9d-477b-9745-555d0ff9adb0.png,PAN;ZAL,PAO;ZAL,Panathinaikos AKTOR Athens;Zalgiris Kaunas,https://media-cdn.incrowdsports.com/e3dff28a-9ec6-4faf-9d96-ecbc68f75780.png;https://media-cdn.incrowdsports.com/0aa09358-3847-4c4e-b228-3582ee4e536d.png
30,195.0,82.0,7.7%,9.5%,6.3%,8.6%,8.9%,6.6%,57.3%,42.7%,52%,34.5%,13.5%,007109,"SMITS, ROLANDS",29,https://media-cdn.incrowdsports.com/861b638a-0350-4068-a843-18d57635236a.png,BAR;ZAL;IST,FCB;ZAL;EFS,FC Barcelona;Zalgiris Kaunas;Anadolu Efes Istanbul,https://media-cdn.incrowdsports.com/35dfa503-e417-481f-963a-bdf6f013763e.png;https://media-cdn.incrowdsports.com/0aa09358-3847-4c4e-b228-3582ee4e536d.png;https://media-cdn.incrowdsports.com/8ea8cec7-d8f7-45f4-a956-d976b5867610.png
31,182.0,22.0,9.9%,5.8%,6.9%,9.3%,5.7%,6.6%,74.5%,25.5%,61.3%,24.2%,14.5%,007519,"JOKUBAITIS, ROKAS",24,https://media-cdn.incrowdsports.com/14dcf6c1-2b5d-40fe-98d5-d6a38a8b9ba2.png,ZAL;BAR;TEL,ZAL;BAR;MTA,Zalgiris Kaunas;FC Barcelona;Maccabi Playtika Tel Aviv,https://media-cdn.incrowdsports.com/0aa09358-3847-4c4e-b228-3582ee4e536d.png;https://media-cdn.incrowdsports.com/35dfa503-e417-481f-963a-bdf6f013763e.png;https://media-cdn.incrowdsports.com/5c55ef14-29df-4328-bd52-a7a64c432350.png
32,156.0,113.0,8.4%,0%,10.2%,10.2%,0%,8.9%,100%,0%,75.6%,0%,24.4%,008004,"TARCZEWSKI, KALEB",28,https://media-cdn.incrowdsports.com/f276b900-872b-408d-9474-becf63a21411.png,MIL,AXM,EA7 Emporio Armani Milan,https://media-cdn.incrowdsports.com/8154f184-c61a-4e7f-b14d-9d802e35cb95.png
33,225.0,196.0,5.3%,6.7%,6.7%,5.5%,6.6%,7%,55.4%,44.6%,42.4%,35.7%,21.9%,JLX,"KURBANOV, NIKITA",35,https://media-cdn.incrowdsports.com/cf7bb2be-da56-4f87-ac38-d91749bb9e17.png,CSK,CSK,CSKA Moscow,https://media-cdn.incrowdsports.com/b6a59212-7feb-4f8c-86c2-5e8f07625e3e.png
34,280.0,163.0,8%,9.1%,6.8%,8%,10%,6.3%,54.6%,45.4%,44.6%,42.2%,13.2%,001392,"CAUSEUR, FABIEN",37,https://media-cdn.incrowdsports.com/c02a4dc6-4b7f-4b9e-89ae-10a8ed78fd34.png,BAS;BAM;MAD;MIL,LBO;BRO;RMB;EA7,Baskonia Vitoria-Gasteiz;Bamberger Basketball GmbH;Real Madrid;EA7 Emporio Armani Milan,https://media-cdn.incrowdsports.com/e324a6af-2a72-443e-9813-8bf2d364ddab.png;https://media-cdn.incrowdsports.com/85cdd43a-2bbd-4f73-b8f7-76288a5193cb.png;https://media-cdn.incrowdsports.com/1a3e1404-4f6f-4ede-9d8b-30eee7cb51b4.png;https://media-cdn.incrowdsports.com/8154f184-c61a-4e7f-b14d-9d802e35cb95.png
35,134.0,65.0,13%,8.7%,7.3%,10.9%,8.4%,7.7%,68.8%,31.2%,57%,29.2%,13.8%,007982,"WILLIAMS-GOSS, NIGEL",30,https://media-cdn.incrowdsports.com/cbd6634e-86be-46e4-8eef-b00c58be9e52.png,MAD;OLY,RMB;OLY,Real Madrid;Olympiacos Piraeus,https://media-cdn.incrowdsports.com/1a3e1404-4f6f-4ede-9d8b-30eee7cb51b4.png;https://media-cdn.incrowdsports.com/789423ac-3cdf-4b89-b11c-b458aa5f59a6.png
36,265.0,154.0,9.6%,11.9%,6.7%,9.3%,11.3%,6.3%,57.7%,42.3%,51%,36.9%,12.1%,005161,"PAPAPETROU, IOANNIS",30,https://media-cdn.incrowdsports.com/34435fbb-b543-4cdd-84f6-62cf44448c88.png,OLY;PAR;PAN,OLY;PAR;PAO,Olympiacos Piraeus;Partizan Mozzart Bet Belgrade;Panathinaikos AKTOR Athens,https://media-cdn.incrowdsports.com/789423ac-3cdf-4b89-b11c-b458aa5f59a6.png;https://media-cdn.incrowdsports.com/2681304e-77dd-4331-88b1-683078c0fb49.png;https://media-cdn.incrowdsports.com/e3dff28a-9ec6-4faf-9d96-ecbc68f75780.png
37,153.0,46.0,5.9%,8.4%,7.6%,6.5%,9.2%,7.7%,52.8%,47.2%,43%,38.8%,18.2%,007960,"DAVIDOVAC, DEJAN",29,https://media-cdn.incrowdsports.com/7c9b47c4-d0ca-4827-bb68-3ad4f5d4e2c3.png,RED,CZV,Crvena Zvezda Meridianbet Belgrade,https://media-cdn.incrowdsports.com/d2eef4a8-62df-4fdd-9076-276004268515.png
38,200.0,117.0,5.9%,8.1%,6.1%,6.2%,8.5%,6.4%,51.6%,48.4%,42.8%,42.1%,15.1%,000556,"CLAVER, VICTOR",35,https://media-cdn.incrowdsports.com/980e6d85-289c-47ce-b2b8-e9f25a8ec017.png,TIV;BAR;PAM,LOK;FCB;VBC,Lokomotiv Kuban;FC Barcelona;Valencia Basket,https://media-cdn.incrowdsports.com/21be1b6a-84bd-4e95-b685-f5d5e60e4a86.png;https://media-cdn.incrowdsports.com/35dfa503-e417-481f-963a-bdf6f013763e.png;https://media-cdn.incrowdsports.com/efd12730-f2ea-4830-9caa-7f2f676079c2.png
39,148.0,97.0,10.9%,9.8%,9%,10.4%,10.7%,9.2%,65.9%,34.1%,52.7%,32.2%,15.2%,003526,"LIGHTY, DAVID",36,https://media-cdn.incrowdsports.com/a326204a-16c3-4f08-b1b4-4369f192a50f.png,ASV,ASV,LDLC ASVEL Villeurbanne,https://media-cdn.incrowdsports.com/e33c6d1a-95ca-4dbc-b8cb-0201812104cc.png
40,170.0,136.0,9.8%,0%,8.6%,10.4%,0%,7.6%,100%,0%,80.1%,0%,19.9%,003479,"KUZMIC, OGNJEN",33,https://media-cdn.incrowdsports.com/5b845a58-65c2-419e-922a-32dc3870e9ab.png,PAN;MAD;RED,PAO;RMB;CZV,Panathinaikos AKTOR Athens;Real Madrid;Crvena Zvezda Meridianbet Belgrade,https://media-cdn.incrowdsports.com/e3dff28a-9ec6-4faf-9d96-ecbc68f75780.png;https://media-cdn.incrowdsports.com/1a3e1404-4f6f-4ede-9d8b-30eee7cb51b4.png;https://media-cdn.incrowdsports.com/d2eef4a8-62df-4fdd-9076-276004268515.png
41,239.0,30.0,3.7%,15.8%,5.5%,2.7%,15.2%,5.7%,23.3%,76.7%,16.4%,71.1%,12.5%,BMT,"FERNANDEZ, RUDY",38,https://media-cdn.incrowdsports.com/81ff9d74-1784-441e-addd-b9198bfdab15.png,MAD,RMB,Real Madrid,https://media-cdn.incrowdsports.com/1a3e1404-4f6f-4ede-9d8b-30eee7cb51b4.png
42,159.0,35.0,6.3%,14.9%,6.6%,6.1%,17.1%,7.7%,41.2%,58.8%,30.2%,56.1%,13.8%,005789,"KURIC, KYLE",33,https://media-cdn.incrowdsports.com/4cc9aa79-3820-497d-9595-c13f47f2bc55.png,BAR,FCB,FC Barcelona,https://media-cdn.incrowdsports.com/35dfa503-e417-481f-963a-bdf6f013763e.png
43,134.0,32.0,7.4%,15.6%,6.3%,6.4%,19.4%,7.5%,43.2%,56.8%,29.8%,59.4%,10.9%,004178,"KOPONEN, PETTERI",31,https://media-cdn.incrowdsports.com/5c9a31dd-c891-4ca0-89fa-8769213a08f6.png,KHI;BAR;MUN,KHI;FCB;BAY,BC Khimki;FC Barcelona;FC Bayern Munich,https://media-cdn.incrowdsports.com/04bd9ac1-e8ed-4b35-8878-272596e5c7d6.png;https://media-cdn.incrowdsports.com/35dfa503-e417-481f-963a-bdf6f013763e.png;https://media-cdn.incrowdsports.com/817b0e58-d595-4b09-ab0b-1e7cc26249ff.png
44,237.0,111.0,9.8%,14.6%,8.8%,9.2%,15.6%,9.1%,49.6%,50.4%,39.4%,47.8%,12.8%,007032,"LO, MAODO",32,https://media-cdn.incrowdsports.com/9f7f2587-caaf-41fd-a2a2-3294355b7907.png,BAM;MUN;BER;MIL;PRS,BRO;BAY;BER;EA7;PBB,Bamberger Basketball GmbH;FC Bayern Munich;ALBA Berlin;EA7 Emporio Armani Milan;Paris Basketball,https://media-cdn.incrowdsports.com/85cdd43a-2bbd-4f73-b8f7-76288a5193cb.png;https://media-cdn.incrowdsports.com/817b0e58-d595-4b09-ab0b-1e7cc26249ff.png;https://media-cdn.incrowdsports.com/ccc34858-22b0-47dc-904c-9940b0a16ff3.png;https://media-cdn.incrowdsports.com/8154f184-c61a-4e7f-b14d-9d802e35cb95.png;https://media-cdn.incrowdsports.com/a033e5b3-0de7-48a3-98d9-d9a4b9df1f39.png
45,170.0,49.0,7.4%,12.7%,8.4%,7.4%,13.9%,9.6%,47%,53%,36.1%,47%,16.9%,000046,"STRELNIEKS, JANIS",32,https://media-cdn.incrowdsports.com/c7e70554-2bee-4d2d-ace6-15e5f07dd0c9.png,BAM;OLY;CSK;ZAL,BRO;OLY;CSK;ZAL,Bamberger Basketball GmbH;Olympiacos Piraeus;CSKA Moscow;Zalgiris Kaunas,https://media-cdn.incrowdsports.com/85cdd43a-2bbd-4f73-b8f7-76288a5193cb.png;https://media-cdn.incrowdsports.com/789423ac-3cdf-4b89-b11c-b458aa5f59a6.png;https://media-cdn.incrowdsports.com/b6a59212-7feb-4f8c-86c2-5e8f07625e3e.png;https://media-cdn.incrowdsports.com/0aa09358-3847-4c4e-b228-3582ee4e536d.png
46,184.0,122.0,12.9%,5.2%,12.5%,13.7%,4%,11%,82.2%,17.8%,71.2%,11.2%,17.6%,002980,"GIST, JAMES",35,https://media-cdn.incrowdsports.com/8ac701ad-576d-4103-af5a-12824a52ecf8.png,PAN;RED;MUN;ASV,PAO;CZV;BAY;ASV,Panathinaikos AKTOR Athens;Crvena Zvezda Meridianbet Belgrade;FC Bayern Munich;LDLC ASVEL Villeurbanne,https://media-cdn.incrowdsports.com/e3dff28a-9ec6-4faf-9d96-ecbc68f75780.png;https://media-cdn.incrowdsports.com/d2eef4a8-62df-4fdd-9076-276004268515.png;https://media-cdn.incrowdsports.com/817b0e58-d595-4b09-ab0b-1e7cc26249ff.png;https://media-cdn.incrowdsports.com/e33c6d1a-95ca-4dbc-b8cb-0201812104cc.png
47,182.0,81.0,7.7%,16.2%,7.3%,6.6%,16.3%,8.2%,42.3%,57.7%,32.8%,53.2%,14.1%,007947,"VILDOZA, LUCA",29,https://media-cdn.incrowdsports.com/dad5b538-3cf2-44ca-992a-b79ed24f4918.png,BAS;RED;PAN;OLY,TDS;CZV;PAO;OLY,Baskonia Vitoria-Gasteiz;Crvena Zvezda Meridianbet Belgrade;Panathinaikos AKTOR Athens;Olympiacos Piraeus,https://media-cdn.incrowdsports.com/e324a6af-2a72-443e-9813-8bf2d364ddab.png;https://media-cdn.incrowdsports.com/d2eef4a8-62df-4fdd-9076-276004268515.png;https://media-cdn.incrowdsports.com/e3dff28a-9ec6-4faf-9d96-ecbc68f75780.png;https://media-cdn.incrowdsports.com/789423ac-3cdf-4b89-b11c-b458aa5f59a6.png
48,165.0,68.0,10.1%,16.3%,12.4%,8.4%,17.3%,12.4%,45.6%,54.4%,32.9%,50.2%,16.9%,009849,"DORSEY, TYLER",28,https://media-cdn.incrowdsports.com/153a0612-03d6-48a2-9d15-8d46677d32ba.png,TEL;ULK;OLY,MTA;FBB;OLY,Maccabi Playtika Tel Aviv;Fenerbahce Beko Istanbul;Olympiacos Piraeus,https://media-cdn.incrowdsports.com/5c55ef14-29df-4328-bd52-a7a64c432350.png;https://media-cdn.incrowdsports.com/0233ebbb-f3a2-49ea-837c-7fd3e661e672.png;https://media-cdn.incrowdsports.com/789423ac-3cdf-4b89-b11c-b458aa5f59a6.png
49,180.0,60.0,9.2%,2.7%,7.3%,10.6%,2.5%,7%,82.4%,17.6%,70.2%,12.1%,17.7%,009035,"BOLOMBOY, JOEL",30,https://media-cdn.incrowdsports.com/3a4cfafe-0f2b-451f-964c-cacb9f51bc2b.png,CSK;OLY;RED,CSK;OLY;CZV,CSKA Moscow;Olympiacos Piraeus;Crvena Zvezda Meridianbet Belgrade,https://media-cdn.incrowdsports.com/b6a59212-7feb-4f8c-86c2-5e8f07625e3e.png;https://media-cdn.incrowdsports.com/789423ac-3cdf-4b89-b11c-b458aa5f59a6.png;https://media-cdn.incrowdsports.com/d2eef4a8-62df-4fdd-9076-276004268515.png
50,228.0,110.0,9.4%,13.8%,7.5%,8.9%,15.5%,8.6%,52.1%,47.9%,39.1%,47.7%,13.3%,CCD,"DATOME, LUIGI",35,https://media-cdn.incrowdsports.com/f8f16c97-c272-49fb-9c73-5688cd7bb6f3.png,ULK;MIL,FNB;EA7,Fenerbahce Beko Istanbul;EA7 Emporio Armani Milan,https://media-cdn.incrowdsports.com/0233ebbb-f3a2-49ea-837c-7fd3e661e672.png;https://media-cdn.incrowdsports.com/8154f184-c61a-4e7f-b14d-9d802e35cb95.png
51,191.0,76.0,11.9%,13.5%,9.1%,11.8%,14.1%,8.9%,62.1%,37.9%,53.2%,34.1%,12.7%,005094,"THOMAS, DESHAUN",32,https://media-cdn.incrowdsports.com/7be97a88-2526-40f9-838e-454c048cd74c.png,IST;TEL;PAN;MUN;MIL;ASV,EFS;MTA;PAO;BAY;EA7;ASV,Anadolu Efes Istanbul;Maccabi Playtika Tel Aviv;Panathinaikos AKTOR Athens;FC Bayern Munich;EA7 Emporio Armani Milan;LDLC ASVEL Villeurbanne,https://media-cdn.incrowdsports.com/8ea8cec7-d8f7-45f4-a956-d976b5867610.png;https://media-cdn.incrowdsports.com/5c55ef14-29df-4328-bd52-a7a64c432350.png;https://media-cdn.incrowdsports.com/e3dff28a-9ec6-4faf-9d96-ecbc68f75780.png;https://media-cdn.incrowdsports.com/817b0e58-d595-4b09-ab0b-1e7cc26249ff.png;https://media-cdn.incrowdsports.com/8154f184-c61a-4e7f-b14d-9d802e35cb95.png;https://media-cdn.incrowdsports.com/e33c6d1a-95ca-4dbc-b8cb-0201812104cc.png
52,248.0,92.0,9.4%,19.3%,12%,7%,17%,12.6%,38.9%,61.1%,29%,52.8%,18.1%,TGB,"LLULL, SERGIO",37,https://media-cdn.incrowdsports.com/c0c0c586-9005-47a5-970d-86b57458701d.png,MAD,RMB,Real Madrid,https://media-cdn.incrowdsports.com/1a3e1404-4f6f-4ede-9d8b-30eee7cb51b4.png
53,145.0,76.0,6.9%,13.1%,6.9%,6.1%,12.7%,6.9%,43%,57%,34.2%,52.2%,13.6%,010391,"WEILER-BABB, NICK",29,https://media-cdn.incrowdsports.com/75f0d7e3-ca21-49db-8c77-f6e5ac98c2b5.png,MUN,BAY,FC Bayern Munich,https://media-cdn.incrowdsports.com/817b0e58-d595-4b09-ab0b-1e7cc26249ff.png
54,205.0,84.0,7.7%,11%,7%,7.6%,13.1%,8%,50.5%,49.5%,38.4%,47.2%,14.4%,008829,"PETERS, ALEC",29,https://media-cdn.incrowdsports.com/415ba270-d601-4231-b0c8-e5a66d318117.png,CSK;IST;BAS;OLY,CSK;EFS;TDS;OLY,CSKA Moscow;Anadolu Efes Istanbul;Baskonia Vitoria-Gasteiz;Olympiacos Piraeus,https://media-cdn.incrowdsports.com/b6a59212-7feb-4f8c-86c2-5e8f07625e3e.png;https://media-cdn.incrowdsports.com/8ea8cec7-d8f7-45f4-a956-d976b5867610.png;https://media-cdn.incrowdsports.com/e324a6af-2a72-443e-9813-8bf2d364ddab.png;https://media-cdn.incrowdsports.com/789423ac-3cdf-4b89-b11c-b458aa5f59a6.png
55,166.0,47.0,6.8%,10%,6.9%,6.8%,10.3%,5.8%,51.2%,48.8%,44.6%,42.9%,12.4%,002084,"POLONARA, ACHILLE",33,https://media-cdn.incrowdsports.com/1cbaecd9-0811-4c56-b6db-96ca70ea1141.png,BAS;ULK;IST;ZAL;VIR,TDS;FBB;EFS;ZAL;VIR,Baskonia Vitoria-Gasteiz;Fenerbahce Beko Istanbul;Anadolu Efes Istanbul;Zalgiris Kaunas;Virtus Segafredo Bologna,https://media-cdn.incrowdsports.com/e324a6af-2a72-443e-9813-8bf2d364ddab.png;https://media-cdn.incrowdsports.com/0233ebbb-f3a2-49ea-837c-7fd3e661e672.png;https://media-cdn.incrowdsports.com/8ea8cec7-d8f7-45f4-a956-d976b5867610.png;https://media-cdn.incrowdsports.com/0aa09358-3847-4c4e-b228-3582ee4e536d.png;https://media-cdn.incrowdsports.com/4af5e83b-f2b5-4fba-a87c-1f85837a508a.png
56,156.0,79.0,6.8%,19.9%,5.7%,6.2%,20.6%,6.5%,35.6%,64.4%,27.2%,62.9%,9.9%,001324,"MUHAMMED, ALI",38,https://media-cdn.incrowdsports.com/93cf69a1-3126-488e-9d3d-7b8118a9b6ae.png,ULK,FNB,Fenerbahce Beko Istanbul,https://media-cdn.incrowdsports.com/0233ebbb-f3a2-49ea-837c-7fd3e661e672.png
57,266.0,179.0,9.1%,10.5%,8.9%,8.7%,9.1%,7.9%,57.9%,42.1%,50.6%,33.9%,15.5%,005099,"HANGA, ADAM",34,https://media-cdn.incrowdsports.com/f9dd2a24-1b86-4538-aca2-c93136cf6f50.png,BAS;BAR;MAD;RED,LBO;FCB;RMB;CZV,Baskonia Vitoria-Gasteiz;FC Barcelona;Real Madrid;Crvena Zvezda Meridianbet Belgrade,https://media-cdn.incrowdsports.com/e324a6af-2a72-443e-9813-8bf2d364ddab.png;https://media-cdn.incrowdsports.com/35dfa503-e417-481f-963a-bdf6f013763e.png;https://media-cdn.incrowdsports.com/1a3e1404-4f6f-4ede-9d8b-30eee7cb51b4.png;https://media-cdn.incrowdsports.com/d2eef4a8-62df-4fdd-9076-276004268515.png
58,166.0,41.0,9.2%,11.5%,5.9%,8.9%,13.4%,6.7%,51.2%,48.8%,41.7%,47.5%,10.8%,005836,"THOMPKINS, TREY",33,https://media-cdn.incrowdsports.com/1068c6e6-fae9-4844-a650-4c60e9f46a84.png,MAD;RED,RMB;CZV,Real Madrid;Crvena Zvezda Meridianbet Belgrade,https://media-cdn.incrowdsports.com/1a3e1404-4f6f-4ede-9d8b-30eee7cb51b4.png;https://media-cdn.incrowdsports.com/d2eef4a8-62df-4fdd-9076-276004268515.png
59,166.0,22.0,10.2%,11.1%,14%,10.5%,9.9%,13%,55.1%,44.9%,47.4%,31.7%,20.9%,007853,"MCKISSIC, SHAQUIELLE",34,https://media-cdn.incrowdsports.com/0c13355b-b760-4c81-87d1-0c612cf8aa8a.png,OLY,OLY,Olympiacos Piraeus,https://media-cdn.incrowdsports.com/789423ac-3cdf-4b89-b11c-b458aa5f59a6.png
60,251.0,141.0,8.1%,9.6%,10.8%,7.4%,10.4%,11.2%,55.9%,44.1%,38.6%,38.7%,22.7%,001844,"HACKETT, DANIEL",37,https://media-cdn.incrowdsports.com/f5d3ffc5-6ed4-43a7-9c66-674c0ac86187.png,OLY;BAM;CSK;VIR,OLY;BRO;CSK;VIR,Olympiacos Piraeus;Bamberger Basketball GmbH;CSKA Moscow;Virtus Segafredo Bologna,https://media-cdn.incrowdsports.com/789423ac-3cdf-4b89-b11c-b458aa5f59a6.png;https://media-cdn.incrowdsports.com/85cdd43a-2bbd-4f73-b8f7-76288a5193cb.png;https://media-cdn.incrowdsports.com/b6a59212-7feb-4f8c-86c2-5e8f07625e3e.png;https://media-cdn.incrowdsports.com/4af5e83b-f2b5-4fba-a87c-1f85837a508a.png
61,163.0,81.0,10.6%,7.1%,8.8%,10.8%,6.3%,8.4%,70.9%,29.1%,62.2%,21.8%,16%,007866,"MITOGLOU, KONSTANTINOS",28,https://media-cdn.incrowdsports.com/5c5b1aaf-6cd7-4d7c-bc81-5a2ca5391123.png,MIL;PAN,AXM;PAO,EA7 Emporio Armani Milan;Panathinaikos AKTOR Athens,https://media-cdn.incrowdsports.com/8154f184-c61a-4e7f-b14d-9d802e35cb95.png;https://media-cdn.incrowdsports.com/e3dff28a-9ec6-4faf-9d96-ecbc68f75780.png
62,160.0,74.0,11.8%,0.9%,12.3%,13.1%,0.8%,10.7%,95.6%,4.4%,76.5%,2.7%,20.7%,002553,"MITROVIC, LUKA",31,https://media-cdn.incrowdsports.com/a68d0c8a-9eb6-4474-962c-16864ab255db.png,BAM;RED,BRO;CZV,Bamberger Basketball GmbH;Crvena Zvezda Meridianbet Belgrade,https://media-cdn.incrowdsports.com/85cdd43a-2bbd-4f73-b8f7-76288a5193cb.png;https://media-cdn.incrowdsports.com/d2eef4a8-62df-4fdd-9076-276004268515.png
63,274.0,235.0,6.7%,13.5%,7.9%,6.9%,13.5%,7.9%,42.2%,57.8%,36.4%,48.1%,15.5%,001255,"PAPANIKOLAOU, KOSTAS",34,https://media-cdn.incrowdsports.com/4077edcc-1632-460c-8bef-384c3c2a06d8.png,OLY,OLY,Olympiacos Piraeus,https://media-cdn.incrowdsports.com/789423ac-3cdf-4b89-b11c-b458aa5f59a6.png
64,305.0,215.0,10.9%,10.1%,9.9%,10.7%,9.4%,9.6%,62.4%,37.6%,52.5%,31.3%,16.2%,004866,"KALINIC, NIKOLA",33,https://media-cdn.incrowdsports.com/3aba038c-6bc8-48fa-b79b-77c42bb3f341.png,ULK;PAM;BAR;RED,FNB;VBC;BAR;CZV,Fenerbahce Beko Istanbul;Valencia Basket;FC Barcelona;Crvena Zvezda Meridianbet Belgrade,https://media-cdn.incrowdsports.com/0233ebbb-f3a2-49ea-837c-7fd3e661e672.png;https://media-cdn.incrowdsports.com/efd12730-f2ea-4830-9caa-7f2f676079c2.png;https://media-cdn.incrowdsports.com/35dfa503-e417-481f-963a-bdf6f013763e.png;https://media-cdn.incrowdsports.com/d2eef4a8-62df-4fdd-9076-276004268515.png
65,135.0,86.0,9.4%,8.5%,6.8%,9.2%,9.1%,6%,64.8%,35.2%,55.1%,33.4%,11.6%,004863,"JOVIC, STEFAN",33,https://media-cdn.incrowdsports.com/c4ac0a9d-d109-4e57-8835-43c67f1f2e62.png,RED;MUN;KHI;PAN;PAM,CZV;BAY;KHI;PAO;VBC,Crvena Zvezda Meridianbet Belgrade;FC Bayern Munich;BC Khimki;Panathinaikos AKTOR Athens;Valencia Basket,https://media-cdn.incrowdsports.com/d2eef4a8-62df-4fdd-9076-276004268515.png;https://media-cdn.incrowdsports.com/817b0e58-d595-4b09-ab0b-1e7cc26249ff.png;https://media-cdn.incrowdsports.com/04bd9ac1-e8ed-4b35-8878-272596e5c7d6.png;https://media-cdn.incrowdsports.com/e3dff28a-9ec6-4faf-9d96-ecbc68f75780.png;https://media-cdn.incrowdsports.com/efd12730-f2ea-4830-9caa-7f2f676079c2.png
66,124.0,79.0,14.4%,10.6%,6.3%,14.6%,10.8%,5.7%,71.1%,28.9%,64.7%,26.6%,8.7%,006555,"WOLTERS, NATE",31,https://media-cdn.incrowdsports.com/3c526125-4fa4-4d9f-8977-0d2272657592.png,ZAL;TEL;RED;PAN,ZAL;MTA;CZV;PAO,Zalgiris Kaunas;Maccabi Playtika Tel Aviv;Crvena Zvezda Meridianbet Belgrade;Panathinaikos AKTOR Athens,https://media-cdn.incrowdsports.com/0aa09358-3847-4c4e-b228-3582ee4e536d.png;https://media-cdn.incrowdsports.com/5c55ef14-29df-4328-bd52-a7a64c432350.png;https://media-cdn.incrowdsports.com/d2eef4a8-62df-4fdd-9076-276004268515.png;https://media-cdn.incrowdsports.com/e3dff28a-9ec6-4faf-9d96-ecbc68f75780.png
67,185.0,106.0,6.6%,16.2%,10%,6.1%,16.4%,10.8%,36.5%,63.5%,28%,55.8%,16.2%,006435,"LAPROVITTOLA, NICOLAS",34,https://media-cdn.incrowdsports.com/4d4c3cab-382d-4c79-a6dd-8994acdd821e.png,BAS;MAD;BAR,BKN;RMB;BAR,Baskonia Vitoria-Gasteiz;Real Madrid;FC Barcelona,https://media-cdn.incrowdsports.com/e324a6af-2a72-443e-9813-8bf2d364ddab.png;https://media-cdn.incrowdsports.com/1a3e1404-4f6f-4ede-9d8b-30eee7cb51b4.png;https://media-cdn.incrowdsports.com/35dfa503-e417-481f-963a-bdf6f013763e.png
68,174.0,99.0,11.6%,10.4%,8.7%,10.9%,10.7%,9.2%,61.1%,38.9%,50.7%,35.7%,13.6%,009846,"BRYANT, ELIJAH",29,https://media-cdn.incrowdsports.com/884c7881-bc0b-4b2c-b95f-3f1abf3a8fa7.png,TEL;IST,MTA;EFS,Maccabi Playtika Tel Aviv;Anadolu Efes Istanbul,https://media-cdn.incrowdsports.com/5c55ef14-29df-4328-bd52-a7a64c432350.png;https://media-cdn.incrowdsports.com/8ea8cec7-d8f7-45f4-a956-d976b5867610.png
69,288.0,154.0,11.3%,16.2%,6.8%,10.6%,17.5%,7.3%,50.2%,49.8%,41.8%,49%,9.2%,006590,"BEAUBOIS, RODRIGUE",36,https://media-cdn.incrowdsports.com/d9946f3a-20ae-414f-a62f-0d85dbb5bb07.png,STR;BAS;IST,SIG;BKN;EFS,Strasbourg Illkirch-Graffenstaden Basket;Baskonia Vitoria-Gasteiz;Anadolu Efes Istanbul,https://media-cdn.incrowdsports.com/554f980e-fded-4943-ab5b-541f1f36f6a9.png;https://media-cdn.incrowdsports.com/e324a6af-2a72-443e-9813-8bf2d364ddab.png;https://media-cdn.incrowdsports.com/8ea8cec7-d8f7-45f4-a956-d976b5867610.png
70,158.0,112.0,11.7%,20.3%,15.9%,10.3%,17.6%,15.9%,47.4%,52.6%,37.4%,40.4%,22.2%,JUO,"SPANOULIS, VASSILIS",42,https://media-cdn.incrowdsports.com/c32b334a-d142-423f-93f6-e6f1df328d52.png,OLY;MCO,OLY;ASM,Olympiacos Piraeus;AS Monaco,https://media-cdn.incrowdsports.com/789423ac-3cdf-4b89-b11c-b458aa5f59a6.png;https://media-cdn.incrowdsports.com/89ed276a-2ba3-413f-8ea2-b3be209ca129.png
71,266.0,92.0,8.3%,14.9%,12.9%,8.4%,15.1%,14.3%,46.6%,53.4%,36.4%,43.5%,20%,004004,"GUDURIC, MARKO",29,https://media-cdn.incrowdsports.com/b3bbf0b0-eb5a-4986-8231-a1433ff07508.png,RED;ULK,CZV;FNB,Crvena Zvezda Meridianbet Belgrade;Fenerbahce Beko Istanbul,https://media-cdn.incrowdsports.com/d2eef4a8-62df-4fdd-9076-276004268515.png;https://media-cdn.incrowdsports.com/0233ebbb-f3a2-49ea-837c-7fd3e661e672.png
72,147.0,83.0,7%,4.9%,6.9%,8.3%,5.2%,6.9%,66.4%,33.6%,58.4%,26.2%,15.3%,007230,"SEDEKERSKIS, TADAS",26,https://media-cdn.incrowdsports.com/a033b3ef-7790-421f-82fa-6aa8192098d4.png,BAS,TDS,Baskonia Vitoria-Gasteiz,https://media-cdn.incrowdsports.com/e324a6af-2a72-443e-9813-8bf2d364ddab.png
73,159.0,38.0,12.2%,0.1%,10.1%,14.6%,0%,7.5%,99.6%,0.4%,87.1%,0%,12.9%,004119,"TYUS, ALEX",34,https://media-cdn.incrowdsports.com/3bbdc2a0-64b7-425f-a940-af651d08f39f.png,IST;GAL;TEL;MAD;ASV,EFS;GSO;MTA;RMB;ASV,Anadolu Efes Istanbul;Galatasaray Spor Kulubu;Maccabi Playtika Tel Aviv;Real Madrid;LDLC ASVEL Villeurbanne,https://media-cdn.incrowdsports.com/8ea8cec7-d8f7-45f4-a956-d976b5867610.png;https://media-cdn.incrowdsports.com/d8c1e9ac-0812-4dd7-bdc1-7c482cfb85d4.png;https://media-cdn.incrowdsports.com/5c55ef14-29df-4328-bd52-a7a64c432350.png;https://media-cdn.incrowdsports.com/1a3e1404-4f6f-4ede-9d8b-30eee7cb51b4.png;https://media-cdn.incrowdsports.com/e33c6d1a-95ca-4dbc-b8cb-0201812104cc.png
74,251.0,165.0,8.5%,10.9%,12.7%,7%,11.5%,12.8%,52.2%,47.8%,35.2%,42.7%,22%,006614,"SINGLETON, CHRIS",33,https://media-cdn.incrowdsports.com/02dfdeac-8cf8-4698-b707-419a7a4c66b4.png,TIV;PAN;BAR;IST,LOK;PAO;FCB;EFS,Lokomotiv Kuban;Panathinaikos AKTOR Athens;FC Barcelona;Anadolu Efes Istanbul,https://media-cdn.incrowdsports.com/21be1b6a-84bd-4e95-b685-f5d5e60e4a86.png;https://media-cdn.incrowdsports.com/e3dff28a-9ec6-4faf-9d96-ecbc68f75780.png;https://media-cdn.incrowdsports.com/35dfa503-e417-481f-963a-bdf6f013763e.png;https://media-cdn.incrowdsports.com/8ea8cec7-d8f7-45f4-a956-d976b5867610.png
75,164.0,91.0,11.4%,0%,13%,13.9%,0%,11.2%,100%,0%,80.6%,0%,19.4%,006568,"FALL, YOUSSOUPHA",29,https://media-cdn.incrowdsports.com/f3205fbf-bef5-4b8a-9ea3-402b4a378331.png,BAS;ASV;BAR,TDS;ASV;BAR,Baskonia Vitoria-Gasteiz;LDLC ASVEL Villeurbanne;FC Barcelona,https://media-cdn.incrowdsports.com/e324a6af-2a72-443e-9813-8bf2d364ddab.png;https://media-cdn.incrowdsports.com/e33c6d1a-95ca-4dbc-b8cb-0201812104cc.png;https://media-cdn.incrowdsports.com/35dfa503-e417-481f-963a-bdf6f013763e.png
76,234.0,210.0,9.3%,11.9%,5.9%,8.6%,10.7%,6.2%,54.5%,45.5%,48%,39.7%,12.4%,008855,"WALKUP, THOMAS",32,https://media-cdn.incrowdsports.com/fdef274c-1494-4249-bbf0-304fe8bb7f65.png,ZAL;OLY,ZAL;OLY,Zalgiris Kaunas;Olympiacos Piraeus,https://media-cdn.incrowdsports.com/0aa09358-3847-4c4e-b228-3582ee4e536d.png;https://media-cdn.incrowdsports.com/789423ac-3cdf-4b89-b11c-b458aa5f59a6.png
77,209.0,132.0,9.5%,12.5%,5%,9.6%,11.6%,4.6%,52.2%,47.8%,48.8%,43.3%,7.9%,001833,"MOERMAN, ADRIEN",34,https://media-cdn.incrowdsports.com/f3077405-e32f-4acd-8a10-fdea2de62cee.png,DAR;BAR;IST;MCO,DDI;FCB;EFS;ASM,Darussafaka Basketbol;FC Barcelona;Anadolu Efes Istanbul;AS Monaco,https://media-cdn.incrowdsports.com/9ceb124a-7ee1-4db5-8d8c-7d485980b989.png;https://media-cdn.incrowdsports.com/35dfa503-e417-481f-963a-bdf6f013763e.png;https://media-cdn.incrowdsports.com/8ea8cec7-d8f7-45f4-a956-d976b5867610.png;https://media-cdn.incrowdsports.com/89ed276a-2ba3-413f-8ea2-b3be209ca129.png
78,302.0,256.0,9.8%,8.8%,12.8%,9.1%,8.5%,13.3%,66.4%,33.6%,48.2%,27.1%,24.7%,002329,"ULANOVAS, EDGARAS",32,https://media-cdn.incrowdsports.com/474ff5fa-5ca2-47af-b70e-ac3960884a01.png,ULK;ZAL,FNB;ZAL,Fenerbahce Beko Istanbul;Zalgiris Kaunas,https://media-cdn.incrowdsports.com/0233ebbb-f3a2-49ea-837c-7fd3e661e672.png;https://media-cdn.incrowdsports.com/0aa09358-3847-4c4e-b228-3582ee4e536d.png
79,303.0,147.0,13.3%,0.1%,11.9%,15.3%,0.1%,10.1%,99.4%,0.6%,79.7%,0.3%,20.1%,002812,"HINES, KYLE",37,https://media-cdn.incrowdsports.com/24f75c32-e4db-499d-b2e6-d46f52986033.png,CSK;MIL,CSK;EA7,CSKA Moscow;EA7 Emporio Armani Milan,https://media-cdn.incrowdsports.com/b6a59212-7feb-4f8c-86c2-5e8f07625e3e.png;https://media-cdn.incrowdsports.com/8154f184-c61a-4e7f-b14d-9d802e35cb95.png
80,242.0,134.0,14.4%,3.8%,7.5%,15.6%,3.8%,7.9%,83.9%,16.1%,74.1%,13.8%,12.1%,LHK,"PLEISS, TIBOR",34,https://media-cdn.incrowdsports.com/e66eca1f-54a1-4947-a0ef-2013de919d10.png,GAL;PAM;IST,GSO;VBC;EFS,Galatasaray Spor Kulubu;Valencia Basket;Anadolu Efes Istanbul,https://media-cdn.incrowdsports.com/d8c1e9ac-0812-4dd7-bdc1-7c482cfb85d4.png;https://media-cdn.incrowdsports.com/efd12730-f2ea-4830-9caa-7f2f676079c2.png;https://media-cdn.incrowdsports.com/8ea8cec7-d8f7-45f4-a956-d976b5867610.png
81,131.0,78.0,9.5%,8.4%,8.6%,9.5%,8.7%,9.2%,61.9%,38.1%,51.4%,33.2%,15.4%,010560,"PIERRE, DYSHAWN",31,https://media-cdn.incrowdsports.com/7f04a6d9-d458-47c5-a453-b089904b8992.png,ULK,FNB,Fenerbahce Beko Istanbul,https://media-cdn.incrowdsports.com/0233ebbb-f3a2-49ea-837c-7fd3e661e672.png
82,159.0,117.0,10.9%,15.6%,8.8%,9.3%,14.6%,8.6%,52.9%,47.1%,43.4%,44.5%,12%,003024,"GRANGER, JAYSON",32,https://media-cdn.incrowdsports.com/bfa1e332-4bf3-4410-a53c-8f91f276fc3e.png,IST;BER;BAS,EFS;BER;KBA,Anadolu Efes Istanbul;ALBA Berlin;Baskonia Vitoria-Gasteiz,https://media-cdn.incrowdsports.com/8ea8cec7-d8f7-45f4-a956-d976b5867610.png;https://media-cdn.incrowdsports.com/ccc34858-22b0-47dc-904c-9940b0a16ff3.png;https://media-cdn.incrowdsports.com/e324a6af-2a72-443e-9813-8bf2d364ddab.png
83,183.0,86.0,10.2%,14.4%,10.3%,9.9%,16.3%,11.4%,54.5%,45.5%,40.6%,42%,17.5%,007400,"NUNNALLY, JAMES",33,https://media-cdn.incrowdsports.com/e0743b50-f31d-4f3a-95a9-2c96603f4c5e.png,MIL;ULK;TEL;PAR,AXM;FNB;MTA;PAR,EA7 Emporio Armani Milan;Fenerbahce Beko Istanbul;Maccabi Playtika Tel Aviv;Partizan Mozzart Bet Belgrade,https://media-cdn.incrowdsports.com/8154f184-c61a-4e7f-b14d-9d802e35cb95.png;https://media-cdn.incrowdsports.com/0233ebbb-f3a2-49ea-837c-7fd3e661e672.png;https://media-cdn.incrowdsports.com/5c55ef14-29df-4328-bd52-a7a64c432350.png;https://media-cdn.incrowdsports.com/2681304e-77dd-4331-88b1-683078c0fb49.png
84,269.0,73.0,8.4%,17.7%,6.9%,8%,17.7%,7.4%,42%,58%,34.6%,53.3%,12.1%,CVM,"RODRIGUEZ, SERGIO",37,https://media-cdn.incrowdsports.com/d605b7e7-d619-4620-93b1-5979b22592bc.png,CSK;MIL;MAD,CSK;AXM;RMB,CSKA Moscow;EA7 Emporio Armani Milan;Real Madrid,https://media-cdn.incrowdsports.com/b6a59212-7feb-4f8c-86c2-5e8f07625e3e.png;https://media-cdn.incrowdsports.com/8154f184-c61a-4e7f-b14d-9d802e35cb95.png;https://media-cdn.incrowdsports.com/1a3e1404-4f6f-4ede-9d8b-30eee7cb51b4.png
85,175.0,105.0,12.2%,5.5%,12.7%,13%,5.2%,12.9%,74.7%,25.3%,61%,18.1%,20.9%,009005,"DECK, GABRIEL",29,https://media-cdn.incrowdsports.com/67bcca4b-c111-46c5-ab33-5776f7866d53.png,MAD,RMB,Real Madrid,https://media-cdn.incrowdsports.com/1a3e1404-4f6f-4ede-9d8b-30eee7cb51b4.png
86,211.0,112.0,12.2%,2.1%,4.7%,14.4%,2.5%,4.4%,90.2%,9.8%,82.5%,9.1%,8.4%,005844,"PAPAGIANNIS, GEORGIOS",27,https://media-cdn.incrowdsports.com/cb807059-ac98-4f20-b7c5-88d7d6862d06.png,PAN;ULK;MCO,PAO;FBB;ASM,Panathinaikos AKTOR Athens;Fenerbahce Beko Istanbul;AS Monaco,https://media-cdn.incrowdsports.com/e3dff28a-9ec6-4faf-9d96-ecbc68f75780.png;https://media-cdn.incrowdsports.com/0233ebbb-f3a2-49ea-837c-7fd3e661e672.png;https://media-cdn.incrowdsports.com/89ed276a-2ba3-413f-8ea2-b3be209ca129.png
87,184.0,120.0,11.5%,5.3%,13.5%,12%,4.5%,14.3%,81.4%,18.6%,62.1%,12.7%,25.2%,BWI,"JANKUNAS, PAULIUS",37,https://media-cdn.incrowdsports.com/77ba65dc-10e2-4a22-be86-6bb4bd407d08.png,ZAL,ZAL,Zalgiris Kaunas,https://media-cdn.incrowdsports.com/0aa09358-3847-4c4e-b228-3582ee4e536d.png
88,269.0,149.0,8.5%,10.4%,7.2%,9.7%,10.7%,6.6%,53.4%,46.6%,49%,39.6%,11.4%,007201,"VOIGTMANN, JOHANNES",32,https://media-cdn.incrowdsports.com/9b05546b-aec0-4af0-b213-2f9db3d250fc.png,BAS;CSK;MIL;MUN,KBA;CSK;EA7;BAY,Baskonia Vitoria-Gasteiz;CSKA Moscow;EA7 Emporio Armani Milan;FC Bayern Munich,https://media-cdn.incrowdsports.com/e324a6af-2a72-443e-9813-8bf2d364ddab.png;https://media-cdn.incrowdsports.com/b6a59212-7feb-4f8c-86c2-5e8f07625e3e.png;https://media-cdn.incrowdsports.com/8154f184-c61a-4e7f-b14d-9d802e35cb95.png;https://media-cdn.incrowdsports.com/817b0e58-d595-4b09-ab0b-1e7cc26249ff.png
89,236.0,71.0,14.7%,1.4%,10.5%,16.5%,1.4%,9.3%,94.1%,5.9%,79%,4.6%,16.4%,005160,"HUNTER, OTHELLO",36,https://media-cdn.incrowdsports.com/8768431f-f09d-41f8-8ce3-7a2744883c98.png,OLY;MAD;CSK;TEL;MUN,OLY;RMB;CSK;MTA;BAY,Olympiacos Piraeus;Real Madrid;CSKA Moscow;Maccabi Playtika Tel Aviv;FC Bayern Munich,https://media-cdn.incrowdsports.com/789423ac-3cdf-4b89-b11c-b458aa5f59a6.png;https://media-cdn.incrowdsports.com/1a3e1404-4f6f-4ede-9d8b-30eee7cb51b4.png;https://media-cdn.incrowdsports.com/b6a59212-7feb-4f8c-86c2-5e8f07625e3e.png;https://media-cdn.incrowdsports.com/5c55ef14-29df-4328-bd52-a7a64c432350.png;https://media-cdn.incrowdsports.com/817b0e58-d595-4b09-ab0b-1e7cc26249ff.png
90,144.0,129.0,12.9%,15.4%,10.1%,12.1%,16.4%,10%,57.3%,42.7%,44%,42.7%,13.2%,000529,"MICOV, VLADIMIR",35,https://media-cdn.incrowdsports.com/14753a8e-0ec2-40ab-a26b-50434381d400.png,GAL;MIL,GSO;AXM,Galatasaray Spor Kulubu;EA7 Emporio Armani Milan,https://media-cdn.incrowdsports.com/d8c1e9ac-0812-4dd7-bdc1-7c482cfb85d4.png;https://media-cdn.incrowdsports.com/8154f184-c61a-4e7f-b14d-9d802e35cb95.png
91,127.0,49.0,12.7%,6.4%,16.8%,12.9%,6%,16.2%,73.2%,26.8%,57%,20.1%,22.9%,003958,"THIEMANN, JOHANNES",29,https://media-cdn.incrowdsports.com/8d67d189-5722-4ac9-918c-70c114ff40d9.png,BAM;BER,BRO;BER,Bamberger Basketball GmbH;ALBA Berlin,https://media-cdn.incrowdsports.com/85cdd43a-2bbd-4f73-b8f7-76288a5193cb.png;https://media-cdn.incrowdsports.com/ccc34858-22b0-47dc-904c-9940b0a16ff3.png
92,183.0,114.0,10.2%,15%,9.3%,9.6%,14.4%,9.7%,50.8%,49.2%,42.4%,43.6%,14%,CPR,"SIMON, KRUNOSLAV",36,https://media-cdn.incrowdsports.com/f075df2b-2237-4157-a9ce-dc9c4233d293.png,MIL;IST,EA7;EFS,EA7 Emporio Armani Milan;Anadolu Efes Istanbul,https://media-cdn.incrowdsports.com/8154f184-c61a-4e7f-b14d-9d802e35cb95.png;https://media-cdn.incrowdsports.com/8ea8cec7-d8f7-45f4-a956-d976b5867610.png
93,292.0,184.0,12.4%,0.5%,14.3%,14.4%,0.4%,12.3%,97.2%,2.8%,76.3%,1.5%,22.2%,003048,"DUNSTON, BRYANT",38,https://media-cdn.incrowdsports.com/c611afbb-f77f-4214-81fc-f08a742cd326.png,IST;VIR;ZAL,EFS;VIR;ZAL,Anadolu Efes Istanbul;Virtus Segafredo Bologna;Zalgiris Kaunas,https://media-cdn.incrowdsports.com/8ea8cec7-d8f7-45f4-a956-d976b5867610.png;https://media-cdn.incrowdsports.com/4af5e83b-f2b5-4fba-a87c-1f85837a508a.png;https://media-cdn.incrowdsports.com/0aa09358-3847-4c4e-b228-3582ee4e536d.png
94,193.0,150.0,11.1%,13.9%,12.1%,10.5%,14.1%,12.4%,54.1%,45.9%,42.1%,41.5%,16.4%,008962,"HAYES-DAVIS, NIGEL",30,https://media-cdn.incrowdsports.com/37b00e59-560b-4b65-a269-9d2b0b8776bc.png,ZAL;BAR;ULK,ZAL;BAR;FBB,Zalgiris Kaunas;FC Barcelona;Fenerbahce Beko Istanbul,https://media-cdn.incrowdsports.com/0aa09358-3847-4c4e-b228-3582ee4e536d.png;https://media-cdn.incrowdsports.com/35dfa503-e417-481f-963a-bdf6f013763e.png;https://media-cdn.incrowdsports.com/0233ebbb-f3a2-49ea-837c-7fd3e661e672.png
95,132.0,77.0,18.2%,3.7%,11.9%,19.2%,3.1%,9.6%,89.8%,10.2%,79.7%,7.8%,12.5%,004194,"LAUVERGNE, JOFFREY",33,https://media-cdn.incrowdsports.com/2c5d0d04-968c-4590-9924-d0e7a7b23110.png,ULK;ZAL;ASV,FNB;ZAL;ASV,Fenerbahce Beko Istanbul;Zalgiris Kaunas;LDLC ASVEL Villeurbanne,https://media-cdn.incrowdsports.com/0233ebbb-f3a2-49ea-837c-7fd3e661e672.png;https://media-cdn.incrowdsports.com/0aa09358-3847-4c4e-b228-3582ee4e536d.png;https://media-cdn.incrowdsports.com/e33c6d1a-95ca-4dbc-b8cb-0201812104cc.png
96,163.0,111.0,15%,0%,10.9%,17.9%,0%,9.5%,100%,0%,84.7%,0%,15.3%,004554,"ZIZIC, ANTE",27,https://media-cdn.incrowdsports.com/ba96c7c1-38ad-4579-ae05-f40d7530399d.png,DAR;TEL;IST;VIR,DDI;MTA;EFS;VIR,Darussafaka Basketbol;Maccabi Playtika Tel Aviv;Anadolu Efes Istanbul;Virtus Segafredo Bologna,https://media-cdn.incrowdsports.com/9ceb124a-7ee1-4db5-8d8c-7d485980b989.png;https://media-cdn.incrowdsports.com/5c55ef14-29df-4328-bd52-a7a64c432350.png;https://media-cdn.incrowdsports.com/8ea8cec7-d8f7-45f4-a956-d976b5867610.png;https://media-cdn.incrowdsports.com/4af5e83b-f2b5-4fba-a87c-1f85837a508a.png
97,155.0,126.0,11.1%,8%,10.7%,12.4%,7.6%,11.6%,67.2%,32.8%,57.7%,24.1%,18.2%,005856,"THOMAS, WILL",35,https://media-cdn.incrowdsports.com/6c821d3c-09c7-4ef4-bc07-6573f1c22c74.png,MAL;PAM;DYR;MCO,UNI;VBC;ZEN;ASM,Unicaja Malaga;Valencia Basket;Zenit St Petersburg;AS Monaco,https://media-cdn.incrowdsports.com/6342214b-684b-421f-8960-5d20354458da.png;https://media-cdn.incrowdsports.com/efd12730-f2ea-4830-9caa-7f2f676079c2.png;https://media-cdn.incrowdsports.com/4c571fd6-52f1-428c-94a5-9143fbbb4fe3.png;https://media-cdn.incrowdsports.com/89ed276a-2ba3-413f-8ea2-b3be209ca129.png
98,238.0,120.0,14.7%,11.5%,15.6%,13.5%,12.1%,16.8%,68.5%,31.5%,48.3%,28.1%,23.6%,006450,"HIGGINS, CORY",33,https://media-cdn.incrowdsports.com/a1af1166-c6cd-4d7e-a98c-5048329b90df.png,CSK;BAR,CSK;FCB,CSKA Moscow;FC Barcelona,https://media-cdn.incrowdsports.com/b6a59212-7feb-4f8c-86c2-5e8f07625e3e.png;https://media-cdn.incrowdsports.com/35dfa503-e417-481f-963a-bdf6f013763e.png
99,202.0,86.0,12.5%,21.3%,15.5%,12%,21.7%,16.8%,46.4%,53.6%,37.3%,45.1%,17.6%,000848,"NEDOVIC, NEMANJA",33,https://media-cdn.incrowdsports.com/8c0414fc-8bc0-49ad-b14b-31c1db32e9d0.png,MAL;MIL;PAN;RED,UNI;AXM;PAO;CZV,Unicaja Malaga;EA7 Emporio Armani Milan;Panathinaikos AKTOR Athens;Crvena Zvezda Meridianbet Belgrade,https://media-cdn.incrowdsports.com/6342214b-684b-421f-8960-5d20354458da.png;https://media-cdn.incrowdsports.com/8154f184-c61a-4e7f-b14d-9d802e35cb95.png;https://media-cdn.incrowdsports.com/e3dff28a-9ec6-4faf-9d96-ecbc68f75780.png;https://media-cdn.incrowdsports.com/d2eef4a8-62df-4fdd-9076-276004268515.png
100,160.0,104.0,12.5%,14.7%,15.9%,13.1%,14.2%,14.8%,56.3%,43.7%,46.4%,34.4%,19.2%,009006,"WILLIAMS, DERRICK",31,https://media-cdn.incrowdsports.com/245aaf8f-09c0-4e5a-9a1b-1b010df9bc5a.png,MUN;ULK;PAM;TEL;PAN,BAY;FNB;VBC;MTA;PAO,FC Bayern Munich;Fenerbahce Beko Istanbul;Valencia Basket;Maccabi Playtika Tel Aviv;Panathinaikos AKTOR Athens,https://media-cdn.incrowdsports.com/817b0e58-d595-4b09-ab0b-1e7cc26249ff.png;https://media-cdn.incrowdsports.com/0233ebbb-f3a2-49ea-837c-7fd3e661e672.png;https://media-cdn.incrowdsports.com/efd12730-f2ea-4830-9caa-7f2f676079c2.png;https://media-cdn.incrowdsports.com/5c55ef14-29df-4328-bd52-a7a64c432350.png;https://media-cdn.incrowdsports.com/e3dff28a-9ec6-4faf-9d96-ecbc68f75780.png
101,202.0,140.0,17.4%,7.2%,11.2%,17.1%,7.7%,10.2%,79%,21%,66.5%,18.8%,14.8%,AMM,"PRINTEZIS, GEORGIOS",36,https://media-cdn.incrowdsports.com/458c3a1b-4081-4f9e-89ae-46ff1844d461.png,OLY,OLY,Olympiacos Piraeus,https://media-cdn.incrowdsports.com/789423ac-3cdf-4b89-b11c-b458aa5f59a6.png
102,162.0,63.0,18.2%,7.4%,13.6%,19.3%,6.5%,13.3%,76.5%,23.5%,66.9%,16.8%,16.2%,008847,"MICKEY, JORDAN",29,https://media-cdn.incrowdsports.com/175bee47-c3c4-4356-9758-3cbd94c48871.png,MAD;KHI;DYR;VIR,RMB;KHI;ZEN;VIR,Real Madrid;BC Khimki;Zenit St Petersburg;Virtus Segafredo Bologna,https://media-cdn.incrowdsports.com/1a3e1404-4f6f-4ede-9d8b-30eee7cb51b4.png;https://media-cdn.incrowdsports.com/04bd9ac1-e8ed-4b35-8878-272596e5c7d6.png;https://media-cdn.incrowdsports.com/4c571fd6-52f1-428c-94a5-9143fbbb4fe3.png;https://media-cdn.incrowdsports.com/4af5e83b-f2b5-4fba-a87c-1f85837a508a.png
103,168.0,111.0,12.8%,12%,12.2%,12.5%,12.5%,11.9%,59.1%,40.9%,47.9%,35.7%,16.4%,005757,"RANDOLPH, ANTHONY",33,https://media-cdn.incrowdsports.com/d2915de8-a0c8-4ba4-a979-b9e249044f28.png,TIV;MAD,LOK;RMB,Lokomotiv Kuban;Real Madrid,https://media-cdn.incrowdsports.com/21be1b6a-84bd-4e95-b685-f5d5e60e4a86.png;https://media-cdn.incrowdsports.com/1a3e1404-4f6f-4ede-9d8b-30eee7cb51b4.png
104,175.0,135.0,11.2%,15.5%,12.6%,11.2%,15.6%,13.2%,49.9%,50.1%,41.4%,42.2%,16.4%,006436,"GIEDRAITIS, ROKAS",32,https://media-cdn.incrowdsports.com/514eb8b6-1987-43f8-b24b-748065632795.png,BER;BAS;RED,BER;TDS;CZV,ALBA Berlin;Baskonia Vitoria-Gasteiz;Crvena Zvezda Meridianbet Belgrade,https://media-cdn.incrowdsports.com/ccc34858-22b0-47dc-904c-9940b0a16ff3.png;https://media-cdn.incrowdsports.com/e324a6af-2a72-443e-9813-8bf2d364ddab.png;https://media-cdn.incrowdsports.com/d2eef4a8-62df-4fdd-9076-276004268515.png
105,167.0,140.0,16.2%,6%,12.6%,17.3%,5.8%,12.8%,78.6%,21.4%,68.4%,16.5%,15.1%,007056,"BOOKER, DEVIN",33,https://media-cdn.incrowdsports.com/603a8758-e88a-4d71-935e-c73e1201ec7c.png,KHI;ULK;MUN,KHI;FBB;BAY,BC Khimki;Fenerbahce Beko Istanbul;FC Bayern Munich,https://media-cdn.incrowdsports.com/04bd9ac1-e8ed-4b35-8878-272596e5c7d6.png;https://media-cdn.incrowdsports.com/0233ebbb-f3a2-49ea-837c-7fd3e661e672.png;https://media-cdn.incrowdsports.com/817b0e58-d595-4b09-ab0b-1e7cc26249ff.png
106,242.0,200.0,11.4%,9.3%,11.4%,11.1%,9.4%,10.9%,64.1%,35.9%,51.2%,31.7%,17.1%,002849,"MELLI, NICOLO",33,https://media-cdn.incrowdsports.com/99de0949-0898-4903-9f69-a6ed15e45a55.png,BAM;MIL;ULK,BRO;EA7;FNB,Bamberger Basketball GmbH;EA7 Emporio Armani Milan;Fenerbahce Beko Istanbul,https://media-cdn.incrowdsports.com/85cdd43a-2bbd-4f73-b8f7-76288a5193cb.png;https://media-cdn.incrowdsports.com/8154f184-c61a-4e7f-b14d-9d802e35cb95.png;https://media-cdn.incrowdsports.com/0233ebbb-f3a2-49ea-837c-7fd3e661e672.png
107,166.0,76.0,13.8%,12.3%,11.7%,13.2%,12.7%,12.9%,65.6%,34.4%,53%,31.3%,15.8%,KLT,"HEURTEL, THOMAS",32,https://media-cdn.incrowdsports.com/98840e78-b249-4deb-bd3b-ee4d9eab6e5d.png,IST;BAR;MAD,EFS;FCB;RMB,Anadolu Efes Istanbul;FC Barcelona;Real Madrid,https://media-cdn.incrowdsports.com/8ea8cec7-d8f7-45f4-a956-d976b5867610.png;https://media-cdn.incrowdsports.com/35dfa503-e417-481f-963a-bdf6f013763e.png;https://media-cdn.incrowdsports.com/1a3e1404-4f6f-4ede-9d8b-30eee7cb51b4.png
108,249.0,141.0,18.4%,2.8%,17.9%,18.8%,2.6%,17.1%,92.1%,7.9%,70.9%,5.9%,23.2%,007870,"DAVIES, BRANDON",33,https://media-cdn.incrowdsports.com/81408ad9-aed4-4316-8d83-7f2f4eada6cf.png,ZAL;BAR;MIL;PAM;PAR,ZAL;FCB;EA7;VBC;PAR,Zalgiris Kaunas;FC Barcelona;EA7 Emporio Armani Milan;Valencia Basket;Partizan Mozzart Bet Belgrade,https://media-cdn.incrowdsports.com/0aa09358-3847-4c4e-b228-3582ee4e536d.png;https://media-cdn.incrowdsports.com/35dfa503-e417-481f-963a-bdf6f013763e.png;https://media-cdn.incrowdsports.com/8154f184-c61a-4e7f-b14d-9d802e35cb95.png;https://media-cdn.incrowdsports.com/efd12730-f2ea-4830-9caa-7f2f676079c2.png;https://media-cdn.incrowdsports.com/2681304e-77dd-4331-88b1-683078c0fb49.png
109,149.0,111.0,16.6%,0.1%,15.9%,18.6%,0%,12.9%,99.7%,0.3%,81.3%,0%,18.7%,002507,"TOMIC, ANTE",32,https://media-cdn.incrowdsports.com/2667174b-7474-4889-8212-fc2acb612c1b.png,BAR,FCB,FC Barcelona,https://media-cdn.incrowdsports.com/35dfa503-e417-481f-963a-bdf6f013763e.png
110,242.0,186.0,10.1%,26.3%,14.4%,8.8%,27%,16.3%,35.9%,64.1%,26.9%,57.4%,15.8%,006661,"WILBEKIN, SCOTTIE",31,https://media-cdn.incrowdsports.com/dfcc2d01-1bfe-465a-81dd-f51457ff4287.png,DAR;TEL;ULK,DDI;MTA;FBB,Darussafaka Basketbol;Maccabi Playtika Tel Aviv;Fenerbahce Beko Istanbul,https://media-cdn.incrowdsports.com/9ceb124a-7ee1-4db5-8d8c-7d485980b989.png;https://media-cdn.incrowdsports.com/5c55ef14-29df-4328-bd52-a7a64c432350.png;https://media-cdn.incrowdsports.com/0233ebbb-f3a2-49ea-837c-7fd3e661e672.png
111,194.0,76.0,14.9%,0.4%,13.1%,16.4%,0.3%,12.1%,98.3%,1.7%,79.7%,0.9%,19.4%,004887,"POIRIER, VINCENT",31,https://media-cdn.incrowdsports.com/d24532c7-b1b3-42b5-b5e9-232d495fce34.png,BAS;MAD;IST,KBA;RMB;EFS,Baskonia Vitoria-Gasteiz;Real Madrid;Anadolu Efes Istanbul,https://media-cdn.incrowdsports.com/e324a6af-2a72-443e-9813-8bf2d364ddab.png;https://media-cdn.incrowdsports.com/1a3e1404-4f6f-4ede-9d8b-30eee7cb51b4.png;https://media-cdn.incrowdsports.com/8ea8cec7-d8f7-45f4-a956-d976b5867610.png
112,173.0,142.0,15.2%,15.2%,12.9%,15.4%,15.6%,13.7%,59.4%,40.6%,49.1%,35.5%,15.4%,007831,"SHIELDS, SHAVON",30,https://media-cdn.incrowdsports.com/cc164c6b-d942-4733-a6ff-dc4544e1a6c2.png,BAS;MIL,KBA;EA7,Baskonia Vitoria-Gasteiz;EA7 Emporio Armani Milan,https://media-cdn.incrowdsports.com/e324a6af-2a72-443e-9813-8bf2d364ddab.png;https://media-cdn.incrowdsports.com/8154f184-c61a-4e7f-b14d-9d802e35cb95.png
113,146.0,58.0,13.6%,0%,22.2%,16.1%,0.1%,20.4%,99.9%,0.1%,65.8%,0.2%,34%,003120,"GUDAITIS, ARTURAS",29,https://media-cdn.incrowdsports.com/925b2ddb-a6a2-4cd6-a35d-77086e723606.png,MIL;DYR;PAN,AXM;ZEN;PAO,EA7 Emporio Armani Milan;Zenit St Petersburg;Panathinaikos AKTOR Athens,https://media-cdn.incrowdsports.com/8154f184-c61a-4e7f-b14d-9d802e35cb95.png;https://media-cdn.incrowdsports.com/4c571fd6-52f1-428c-94a5-9143fbbb4fe3.png;https://media-cdn.incrowdsports.com/e3dff28a-9ec6-4faf-9d96-ecbc68f75780.png
114,143.0,116.0,12.1%,6.3%,11.2%,12.4%,6.1%,10.4%,72.7%,27.3%,61%,22.5%,16.6%,006589,"SIKMA, LUKE",34,https://media-cdn.incrowdsports.com/ae703049-980c-4ddc-8c4f-f920ee5e7710.png,BER;OLY,BER;OLY,ALBA Berlin;Olympiacos Piraeus,https://media-cdn.incrowdsports.com/ccc34858-22b0-47dc-904c-9940b0a16ff3.png;https://media-cdn.incrowdsports.com/789423ac-3cdf-4b89-b11c-b458aa5f59a6.png
115,161.0,152.0,12.6%,0%,13.5%,16.2%,0%,9.8%,100%,0%,82.1%,0%,17.9%,008811,"FALL, MOUSTAPHA",32,https://media-cdn.incrowdsports.com/691e5b14-6518-4067-8343-013b90f2fd3f.png,ASV;OLY,ASV;OLY,LDLC ASVEL Villeurbanne;Olympiacos Piraeus,https://media-cdn.incrowdsports.com/e33c6d1a-95ca-4dbc-b8cb-0201812104cc.png;https://media-cdn.incrowdsports.com/789423ac-3cdf-4b89-b11c-b458aa5f59a6.png
116,144.0,116.0,13.6%,19.7%,16.8%,12.6%,19.8%,19.1%,53.7%,46.3%,40.5%,37.1%,22.4%,009754,"LOYD, JORDAN",31,https://media-cdn.incrowdsports.com/215f2623-efe0-44f4-b8b1-e4d466ae2d19.png,PAM;RED;DYR;TEL;MCO,VBC;CZV;ZEN;MTA;ASM,Valencia Basket;Crvena Zvezda Meridianbet Belgrade;Zenit St Petersburg;Maccabi Playtika Tel Aviv;AS Monaco,https://media-cdn.incrowdsports.com/efd12730-f2ea-4830-9caa-7f2f676079c2.png;https://media-cdn.incrowdsports.com/d2eef4a8-62df-4fdd-9076-276004268515.png;https://media-cdn.incrowdsports.com/4c571fd6-52f1-428c-94a5-9143fbbb4fe3.png;https://media-cdn.incrowdsports.com/5c55ef14-29df-4328-bd52-a7a64c432350.png;https://media-cdn.incrowdsports.com/89ed276a-2ba3-413f-8ea2-b3be209ca129.png
117,246.0,122.0,11%,13.2%,10.7%,12.5%,14.3%,12.5%,54.6%,45.4%,46.9%,36.5%,16.5%,003469,"VEZENKOV, SASHA",29,https://media-cdn.incrowdsports.com/da9926d3-ef9c-4704-930c-4be3eb1fd3c0.png,BAR;OLY,FCB;OLY,FC Barcelona;Olympiacos Piraeus,https://media-cdn.incrowdsports.com/35dfa503-e417-481f-963a-bdf6f013763e.png;https://media-cdn.incrowdsports.com/789423ac-3cdf-4b89-b11c-b458aa5f59a6.png
118,301.0,290.0,15.5%,13.2%,9.5%,14.3%,10.8%,6.9%,65.5%,34.5%,61.5%,29.1%,9.4%,001932,"CALATHES, NICK",35,https://media-cdn.incrowdsports.com/b3944598-7108-4b0a-a4e7-f8a628b8fbff.png,PAN;BAR;ULK;MCO,PAO;FCB;FBB;ASM,Panathinaikos AKTOR Athens;FC Barcelona;Fenerbahce Beko Istanbul;AS Monaco,https://media-cdn.incrowdsports.com/e3dff28a-9ec6-4faf-9d96-ecbc68f75780.png;https://media-cdn.incrowdsports.com/35dfa503-e417-481f-963a-bdf6f013763e.png;https://media-cdn.incrowdsports.com/0233ebbb-f3a2-49ea-837c-7fd3e661e672.png;https://media-cdn.incrowdsports.com/89ed276a-2ba3-413f-8ea2-b3be209ca129.png
119,179.0,143.0,18%,15.9%,12.3%,16.3%,14.6%,13.5%,65.7%,34.3%,55.6%,30.2%,14.2%,009622,"BROWN, LORENZO",34,https://media-cdn.incrowdsports.com/6094f620-9518-4136-a1a1-06b77c6ee708.png,RED;ULK;UNK;TEL;PAN,CZV;FNB;UNK;MTA;PAO,Crvena Zvezda Meridianbet Belgrade;Fenerbahce Beko Istanbul;UNICS Kazan;Maccabi Playtika Tel Aviv;Panathinaikos AKTOR Athens,https://media-cdn.incrowdsports.com/d2eef4a8-62df-4fdd-9076-276004268515.png;https://media-cdn.incrowdsports.com/0233ebbb-f3a2-49ea-837c-7fd3e661e672.png;https://media-cdn.incrowdsports.com/70b00b96-e98a-42ba-9997-39d70a895157.png;https://media-cdn.incrowdsports.com/5c55ef14-29df-4328-bd52-a7a64c432350.png;https://media-cdn.incrowdsports.com/e3dff28a-9ec6-4faf-9d96-ecbc68f75780.png
120,144.0,104.0,16.1%,20.3%,18.8%,14.7%,20.8%,21%,57.3%,42.7%,41.8%,37%,21.2%,009862,"PUNTER, KEVIN",31,https://media-cdn.incrowdsports.com/8f94477e-6387-41cd-b9b4-08d5dc2db4b8.png,OLY;RED;MIL;PAR;BAR,OLY;CZV;AXM;PAR;BAR,Olympiacos Piraeus;Crvena Zvezda Meridianbet Belgrade;EA7 Emporio Armani Milan;Partizan Mozzart Bet Belgrade;FC Barcelona,https://media-cdn.incrowdsports.com/789423ac-3cdf-4b89-b11c-b458aa5f59a6.png;https://media-cdn.incrowdsports.com/d2eef4a8-62df-4fdd-9076-276004268515.png;https://media-cdn.incrowdsports.com/8154f184-c61a-4e7f-b14d-9d802e35cb95.png;https://media-cdn.incrowdsports.com/2681304e-77dd-4331-88b1-683078c0fb49.png;https://media-cdn.incrowdsports.com/35dfa503-e417-481f-963a-bdf6f013763e.png
121,123.0,19.0,7.6%,23.4%,15.9%,7%,23.3%,17.5%,32.8%,67.2%,23.3%,53.4%,23.2%,JDR,"TEODOSIC, MILOS",37,https://media-cdn.incrowdsports.com/ce7511eb-75b9-4f03-9836-56f4a52e971d.png,CSK;VIR;RED,CSK;VIR;CZV,CSKA Moscow;Virtus Segafredo Bologna;Crvena Zvezda Meridianbet Belgrade,https://media-cdn.incrowdsports.com/b6a59212-7feb-4f8c-86c2-5e8f07625e3e.png;https://media-cdn.incrowdsports.com/4af5e83b-f2b5-4fba-a87c-1f85837a508a.png;https://media-cdn.incrowdsports.com/d2eef4a8-62df-4fdd-9076-276004268515.png
122,182.0,110.0,15.2%,8.3%,16.9%,14.7%,9%,18%,75.3%,24.7%,53.3%,21.1%,25.6%,008987,"LEDAY, ZACH",30,https://media-cdn.incrowdsports.com/9e33219b-4fb2-46c7-bc55-2a04b583348a.png,OLY;ZAL;PAR;MIL,OLY;ZAL;PAR;EA7,Olympiacos Piraeus;Zalgiris Kaunas;Partizan Mozzart Bet Belgrade;EA7 Emporio Armani Milan,https://media-cdn.incrowdsports.com/789423ac-3cdf-4b89-b11c-b458aa5f59a6.png;https://media-cdn.incrowdsports.com/0aa09358-3847-4c4e-b228-3582ee4e536d.png;https://media-cdn.incrowdsports.com/2681304e-77dd-4331-88b1-683078c0fb49.png;https://media-cdn.incrowdsports.com/8154f184-c61a-4e7f-b14d-9d802e35cb95.png
123,303.0,113.0,11.5%,14.3%,15.5%,10.2%,14.7%,18.1%,54.7%,45.3%,38%,37.8%,24.2%,001926,"SLOUKAS, KOSTAS",34,https://media-cdn.incrowdsports.com/ff4f77e9-8492-462b-9661-d6ca746d51c6.png,ULK;OLY;PAN,FNB;OLY;PAO,Fenerbahce Beko Istanbul;Olympiacos Piraeus;Panathinaikos AKTOR Athens,https://media-cdn.incrowdsports.com/0233ebbb-f3a2-49ea-837c-7fd3e661e672.png;https://media-cdn.incrowdsports.com/789423ac-3cdf-4b89-b11c-b458aa5f59a6.png;https://media-cdn.incrowdsports.com/e3dff28a-9ec6-4faf-9d96-ecbc68f75780.png
124,212.0,146.0,12.9%,0.1%,13.4%,15.4%,0.1%,13.4%,99.5%,0.5%,74.6%,0.4%,25%,003941,"MILUTINOV, NIKOLA",30,https://media-cdn.incrowdsports.com/bda87c73-25f0-44ae-a726-7161d6a42976.png,CSK;OLY,CSK;OLY,CSKA Moscow;Olympiacos Piraeus,https://media-cdn.incrowdsports.com/b6a59212-7feb-4f8c-86c2-5e8f07625e3e.png;https://media-cdn.incrowdsports.com/789423ac-3cdf-4b89-b11c-b458aa5f59a6.png
125,223.0,154.0,14.6%,19.3%,17.4%,13.9%,18%,18.3%,53%,47%,42.4%,38.4%,19.2%,002580,"MICIC, VASILIJE",28,https://media-cdn.incrowdsports.com/b9d596b9-3fa2-417e-9bff-994043d09a28.png,MUN;RED;ZAL;IST,BAY;CZT;ZAL;EFS,FC Bayern Munich;Crvena Zvezda Meridianbet Belgrade;Zalgiris Kaunas;Anadolu Efes Istanbul,https://media-cdn.incrowdsports.com/817b0e58-d595-4b09-ab0b-1e7cc26249ff.png;https://media-cdn.incrowdsports.com/d2eef4a8-62df-4fdd-9076-276004268515.png;https://media-cdn.incrowdsports.com/0aa09358-3847-4c4e-b228-3582ee4e536d.png;https://media-cdn.incrowdsports.com/8ea8cec7-d8f7-45f4-a956-d976b5867610.png
126,170.0,148.0,19.7%,15.1%,21%,18.3%,13.5%,21.5%,68.3%,31.7%,54.2%,24.8%,20.9%,009863,"BALDWIN IV, WADE",28,https://media-cdn.incrowdsports.com/2e29a079-eedd-4e4e-bb7a-b129c0c9575e.png,OLY;MUN;BAS;TEL;ULK,OLY;BAY;BKN;MTA;FBB,Olympiacos Piraeus;FC Bayern Munich;Baskonia Vitoria-Gasteiz;Maccabi Playtika Tel Aviv;Fenerbahce Beko Istanbul,https://media-cdn.incrowdsports.com/789423ac-3cdf-4b89-b11c-b458aa5f59a6.png;https://media-cdn.incrowdsports.com/817b0e58-d595-4b09-ab0b-1e7cc26249ff.png;https://media-cdn.incrowdsports.com/e324a6af-2a72-443e-9813-8bf2d364ddab.png;https://media-cdn.incrowdsports.com/5c55ef14-29df-4328-bd52-a7a64c432350.png;https://media-cdn.incrowdsports.com/0233ebbb-f3a2-49ea-837c-7fd3e661e672.png
127,237.0,190.0,18.8%,8.8%,21.2%,19.1%,8.5%,20%,76.7%,23.3%,60.5%,17.9%,21.6%,001133,"SHENGELIA, TORNIKE",33,https://media-cdn.incrowdsports.com/892c9315-559b-418b-bdab-a8e0e0d66add.png,BAS;CSK;VIR,LBO;CSK;VIR,Baskonia Vitoria-Gasteiz;CSKA Moscow;Virtus Segafredo Bologna,https://media-cdn.incrowdsports.com/e324a6af-2a72-443e-9813-8bf2d364ddab.png;https://media-cdn.incrowdsports.com/b6a59212-7feb-4f8c-86c2-5e8f07625e3e.png;https://media-cdn.incrowdsports.com/4af5e83b-f2b5-4fba-a87c-1f85837a508a.png
128,287.0,208.0,19.7%,0.7%,19.7%,22.2%,0.6%,17.6%,97.8%,2.2%,78.8%,1.3%,19.9%,000925,"VESELY, JAN",34,https://media-cdn.incrowdsports.com/4be34f64-45a0-4d95-8b9d-a9259354d99e.png,ULK;BAR,FNB;BAR,Fenerbahce Beko Istanbul;FC Barcelona,https://media-cdn.incrowdsports.com/0233ebbb-f3a2-49ea-837c-7fd3e661e672.png;https://media-cdn.incrowdsports.com/35dfa503-e417-481f-963a-bdf6f013763e.png
129,167.0,134.0,10.2%,14.7%,15.5%,9%,13.2%,17.2%,47.1%,52.9%,35.6%,39.8%,24.6%,005928,"CAMPAZZO, FACUNDO",33,https://media-cdn.incrowdsports.com/3d4b3199-c570-491d-b1cf-76f82c2e229c.png,RED;MAD,CZV;RMB,Crvena Zvezda Meridianbet Belgrade;Real Madrid,https://media-cdn.incrowdsports.com/d2eef4a8-62df-4fdd-9076-276004268515.png;https://media-cdn.incrowdsports.com/1a3e1404-4f6f-4ede-9d8b-30eee7cb51b4.png
130,238.0,109.0,18.6%,15.6%,19.9%,16.9%,14.1%,19.4%,64.6%,35.4%,49.7%,29.1%,21.2%,004888,"CLYBURN, WILL",34,https://media-cdn.incrowdsports.com/48bf0f02-5fb5-4baa-8065-f76661612dc0.png,DAR;CSK;IST;VIR,DDI;CSK;EFS;VIR,Darussafaka Basketbol;CSKA Moscow;Anadolu Efes Istanbul;Virtus Segafredo Bologna,https://media-cdn.incrowdsports.com/9ceb124a-7ee1-4db5-8d8c-7d485980b989.png;https://media-cdn.incrowdsports.com/b6a59212-7feb-4f8c-86c2-5e8f07625e3e.png;https://media-cdn.incrowdsports.com/8ea8cec7-d8f7-45f4-a956-d976b5867610.png;https://media-cdn.incrowdsports.com/4af5e83b-f2b5-4fba-a87c-1f85837a508a.png
131,153.0,104.0,16.4%,0.1%,22.6%,19.4%,0%,18.9%,99.5%,0.5%,73.1%,0%,26.9%,003842,"LESSORT, MATHIAS",29,https://media-cdn.incrowdsports.com/b283a9ed-2227-43ef-8f8c-97fdc76e8b12.png,RED;MUN;TEL;PAR;PAN,CZV;BAY;MTA;PAR;PAO,Crvena Zvezda Meridianbet Belgrade;FC Bayern Munich;Maccabi Playtika Tel Aviv;Partizan Mozzart Bet Belgrade;Panathinaikos AKTOR Athens,https://media-cdn.incrowdsports.com/d2eef4a8-62df-4fdd-9076-276004268515.png;https://media-cdn.incrowdsports.com/817b0e58-d595-4b09-ab0b-1e7cc26249ff.png;https://media-cdn.incrowdsports.com/5c55ef14-29df-4328-bd52-a7a64c432350.png;https://media-cdn.incrowdsports.com/2681304e-77dd-4331-88b1-683078c0fb49.png;https://media-cdn.incrowdsports.com/e3dff28a-9ec6-4faf-9d96-ecbc68f75780.png
132,256.0,234.0,15.6%,0%,14.2%,18.9%,0%,12.9%,99.8%,0.2%,80.5%,0%,19.5%,005791,"TAVARES, WALTER",32,https://media-cdn.incrowdsports.com/b4070997-623b-4a6e-94bc-65fd4694b0c5.png,MAD,RMB,Real Madrid,https://media-cdn.incrowdsports.com/1a3e1404-4f6f-4ede-9d8b-30eee7cb51b4.png
133,286.0,212.0,18.9%,23.2%,22.8%,17.3%,22%,23.9%,56.1%,43.9%,43%,35.2%,21.9%,005985,"JAMES, MIKE",34,https://media-cdn.incrowdsports.com/6798f111-3618-4825-b32e-11741d4229c0.png,BAS;PAN;MIL;CSK;MCO,LBO;PAO;AXM;CSK;ASM,Baskonia Vitoria-Gasteiz;Panathinaikos AKTOR Athens;EA7 Emporio Armani Milan;CSKA Moscow;AS Monaco,https://media-cdn.incrowdsports.com/e324a6af-2a72-443e-9813-8bf2d364ddab.png;https://media-cdn.incrowdsports.com/e3dff28a-9ec6-4faf-9d96-ecbc68f75780.png;https://media-cdn.incrowdsports.com/8154f184-c61a-4e7f-b14d-9d802e35cb95.png;https://media-cdn.incrowdsports.com/b6a59212-7feb-4f8c-86c2-5e8f07625e3e.png;https://media-cdn.incrowdsports.com/89ed276a-2ba3-413f-8ea2-b3be209ca129.png
134,266.0,169.0,16.2%,18%,20.7%,16.4%,19.1%,24.1%,60.6%,39.4%,44.3%,32.1%,23.6%,002100,"DE COLO, NANDO",37,https://media-cdn.incrowdsports.com/168b2cb2-e32f-47b6-8a0f-c49fd080db79.png,CSK;ULK;ASV,CSK;FNB;ASV,CSKA Moscow;Fenerbahce Beko Istanbul;LDLC ASVEL Villeurbanne,https://media-cdn.incrowdsports.com/b6a59212-7feb-4f8c-86c2-5e8f07625e3e.png;https://media-cdn.incrowdsports.com/0233ebbb-f3a2-49ea-837c-7fd3e661e672.png;https://media-cdn.incrowdsports.com/e33c6d1a-95ca-4dbc-b8cb-0201812104cc.png
135,230.0,149.0,12.6%,22%,22.7%,11.6%,23.1%,24.4%,44.9%,55.1%,32%,45.9%,22.1%,007200,"LARKIN, SHANE",32,https://media-cdn.incrowdsports.com/29f7e3f7-2a14-4bf2-a5ab-3fb89fdfe607.png,BAS;IST,BKN;EFS,Baskonia Vitoria-Gasteiz;Anadolu Efes Istanbul,https://media-cdn.incrowdsports.com/e324a6af-2a72-443e-9813-8bf2d364ddab.png;https://media-cdn.incrowdsports.com/8ea8cec7-d8f7-45f4-a956-d976b5867610.png
136,145.0,136.0,18.7%,30.3%,27.2%,16.8%,28.1%,29.4%,43.5%,56.5%,33.3%,45.9%,20.7%,KVZ,"SHVED, ALEXEY",33,https://media-cdn.incrowdsports.com/796ea536-8200-4083-8f74-22fefd9057c0.png,KHI;CSK,KHI;CSK,BC Khimki;CSKA Moscow,https://media-cdn.incrowdsports.com/04bd9ac1-e8ed-4b35-8878-272596e5c7d6.png;https://media-cdn.incrowdsports.com/b6a59212-7feb-4f8c-86c2-5e8f07625e3e.png
137,169.0,164.0,16.6%,19.8%,25.4%,18.7%,19.8%,27.2%,55.8%,44.2%,42.8%,33.5%,23.7%,000796,"MIROTIC, NIKOLA",33,https://media-cdn.incrowdsports.com/a771b68b-2056-4318-83a0-24b2ffb36d11.png,BAR;MIL,FCB;EA7,FC Barcelona;EA7 Emporio Armani Milan,https://media-cdn.incrowdsports.com/35dfa503-e417-481f-963a-bdf6f013763e.png;https://media-cdn.incrowdsports.com/8154f184-c61a-4e7f-b14d-9d802e35cb95.png
